,coint pv
1332 JT & 2282 JT,0.0009276225414420892
1332 JT & 3893 JT,0.017097791980162824
1332 JT & 7269 JT,0.014041119495448298
1332 JT & 9202 JT,0.04021022618318859
1333 JT & 1925 JT,0.040462969555017894
1333 JT & 1928 JT,0.023376134581045812
1333 JT & 2002 JT,0.022587264073603647
1333 JT & 2269 JT,0.028388969821394217
1333 JT & 2282 JT,0.048942442483756766
1333 JT & 2502 JT,0.012198016706656501
1333 JT & 2801 JT,0.01751427163178147
1333 JT & 2871 JT,0.028354556056817456
1333 JT & 3105 JT,0.0026137753138982586
1333 JT & 3402 JT,0.013516455322408381
1333 JT & 3405 JT,0.012620669840202959
1333 JT & 3407 JT,0.02213259150481292
1333 JT & 4005 JT,0.021798993555186632
1333 JT & 4042 JT,0.042463732817533434
1333 JT & 4061 JT,0.0024911290901217585
1333 JT & 4063 JT,0.03686883324184717
1333 JT & 4272 JT,0.03550589657942158
1333 JT & 4324 JT,0.0007593907216429357
1333 JT & 4452 JT,0.03509011728509371
1333 JT & 4507 JT,0.03636748024151076
1333 JT & 4523 JT,0.023414221692935024
1333 JT & 5108 JT,0.03160287585751341
1333 JT & 5406 JT,0.01601803812147783
1333 JT & 5411 JT,0.009244734225984154
1333 JT & 5711 JT,0.009271837976578613
1333 JT & 5713 JT,0.011822730568487455
1333 JT & 6305 JT,0.04456478092348649
1333 JT & 6367 JT,0.0044063679039718215
1333 JT & 6473 JT,0.010627195476872867
1333 JT & 6762 JT,0.03826797638174504
1333 JT & 6767 JT,0.02646676547701254
1333 JT & 6770 JT,0.04339758407900839
1333 JT & 6971 JT,0.03743782280755921
1333 JT & 7203 JT,0.027769686591261156
1333 JT & 7269 JT,0.04904135937787461
1333 JT & 7751 JT,0.0032764721107806706
1333 JT & 7951 JT,0.039152428095697224
1333 JT & 8035 JT,0.0007495882857438123
1333 JT & 8725 JT,0.02434116068360986
1333 JT & 9008 JT,0.019444143418078465
1333 JT & 9009 JT,0.02658088549978145
1333 JT & 9020 JT,0.0483542566459039
1333 JT & 9021 JT,0.04621005368762128
1333 JT & 9022 JT,0.021397735606834133
1333 JT & 9062 JT,0.03852536113619829
1333 JT & 9101 JT,0.026180279276265036
1333 JT & 9107 JT,0.03680518502650721
1333 JT & 9202 JT,0.0018429955111170843
1333 JT & 9301 JT,0.04064551033410079
1334 JT & 1605 JT,0.023032976591956966
1334 JT & 2914 JT,0.018126722461348353
1334 JT & 3086 JT,0.012412173679553785
1334 JT & 3863 JT,0.04128215375110225
1334 JT & 4188 JT,0.024716768124152837
1334 JT & 8355 JT,0.04555784007951743
1334 JT & 9502 JT,0.032454937778053305
1334 JT & 9503 JT,0.02553107236881422
1334 JT & 9531 JT,0.04876912216197418
1605 JT & 5631 JT,0.007675947947501644
1605 JT & 7004 JT,0.010285174899607563
1721 JT & 3289 JT,0.04706920317453607
1721 JT & 3893 JT,0.0048548908008112105
1721 JT & 5631 JT,0.04404048068192435
1721 JT & 6702 JT,0.015703374453607023
1721 JT & 8031 JT,0.006276748107651483
1801 JT & 2502 JT,0.033234683591323866
1801 JT & 4183 JT,0.0265472045950154
1801 JT & 5703 JT,0.0022077375872033857
1801 JT & 6367 JT,0.03816569427420412
1801 JT & 6954 JT,0.01981950812175211
1801 JT & 7733 JT,0.046571755117686
1801 JT & 9437 JT,0.03119286588955367
1801 JT & 9735 JT,0.00649884955724616
1802 JT & 1803 JT,0.005645187043340528
1802 JT & 2502 JT,0.02570119331609727
1802 JT & 4519 JT,0.0287981889841118
1802 JT & 5703 JT,0.007058076372254701
1802 JT & 6479 JT,0.03092534594131204
1802 JT & 6952 JT,0.020999104789997076
1802 JT & 7269 JT,0.0229143992036081
1802 JT & 7733 JT,0.033144839320477924
1802 JT & 8031 JT,0.04299711601321683
1802 JT & 8058 JT,0.00257330102377231
1802 JT & 8304 JT,0.04595525987380849
1802 JT & 9202 JT,0.03306654536354384
1802 JT & 9432 JT,0.013108259458258557
1802 JT & 9437 JT,0.007828457675442137
1803 JT & 6952 JT,0.020495373419383706
1803 JT & 6954 JT,0.03476880239836313
1803 JT & 8031 JT,0.01359578395601342
1803 JT & 8058 JT,0.006547876991636649
1803 JT & 9432 JT,0.01375773031676317
1803 JT & 9437 JT,0.008991140064176433
1812 JT & 5703 JT,0.0072361429371773055
1812 JT & 8058 JT,0.021727650295484017
1812 JT & 9432 JT,0.03392665814357965
1925 JT & 2269 JT,0.04841955431120686
1925 JT & 2282 JT,0.03794655857865492
1925 JT & 2801 JT,0.04909644169914104
1925 JT & 2802 JT,0.04748443505195105
1925 JT & 3401 JT,0.020166621303641708
1925 JT & 6762 JT,0.03548985049826642
1925 JT & 6770 JT,0.046122972263113536
1925 JT & 7735 JT,0.026007255274846285
1925 JT & 7751 JT,0.013607360377645157
1925 JT & 8304 JT,0.03842019154251384
1925 JT & 8332 JT,0.023320821147077432
1925 JT & 8354 JT,0.02516763725890143
1925 JT & 9022 JT,0.028093214987984318
1925 JT & 9202 JT,0.029952894682047537
1925 JT & 9602 JT,0.010876687705536299
1928 JT & 3401 JT,0.03833412937990654
1928 JT & 3402 JT,0.044819029901860284
1928 JT & 4272 JT,0.02289923936286514
1928 JT & 5108 JT,0.01776147483461451
1928 JT & 5406 JT,0.04998288948305599
1928 JT & 6326 JT,0.01653460520027759
1928 JT & 7735 JT,0.006104235818267301
1928 JT & 8252 JT,0.048531531063573455
1928 JT & 8766 JT,0.046583929544202776
1928 JT & 9532 JT,0.034639654604826715
1928 JT & 9983 JT,0.0268979329027749
2002 JT & 2282 JT,0.030442925785186703
2002 JT & 3401 JT,0.03801164374129306
2002 JT & 4452 JT,0.0034025881166701182
2002 JT & 4523 JT,0.039058924653674824
2002 JT & 5631 JT,0.03909153135285906
2002 JT & 7751 JT,0.01295147939461479
2002 JT & 9202 JT,0.028936962944648575
2269 JT & 3401 JT,0.03244420938163891
2269 JT & 6762 JT,0.019382178061210308
2269 JT & 6770 JT,0.031173768154345267
2269 JT & 6954 JT,0.032551803699564875
2269 JT & 6988 JT,0.02446621335811195
2269 JT & 9202 JT,0.04857016340056938
2282 JT & 4452 JT,0.041222243834695
2282 JT & 4503 JT,0.026229443604977587
2282 JT & 7269 JT,3.290606240045905e-05
2501 JT & 3105 JT,0.033107645173404116
2501 JT & 3401 JT,0.024239465035881605
2501 JT & 3865 JT,0.02794488847776599
2501 JT & 6302 JT,0.048729112132402976
2501 JT & 6367 JT,0.021423815205561553
2501 JT & 6479 JT,0.011726411607753458
2501 JT & 6703 JT,0.024888756754575077
2501 JT & 6954 JT,0.004702478745350945
2501 JT & 6988 JT,0.033852091023886845
2501 JT & 7735 JT,0.021085030998141154
2501 JT & 7751 JT,0.04501066928233452
2501 JT & 8035 JT,0.01249897361896604
2501 JT & 8332 JT,0.03822568167311339
2501 JT & 8815 JT,0.033602551066130484
2501 JT & 9613 JT,0.017743952848671102
2502 JT & 3105 JT,0.0017862900630765193
2502 JT & 3401 JT,0.017743621075654525
2502 JT & 4021 JT,0.0020496356105558877
2502 JT & 4183 JT,0.008720021542821041
2502 JT & 4902 JT,0.030209187605946288
2502 JT & 5703 JT,0.03368641968636415
2502 JT & 6302 JT,0.03309740102846809
2502 JT & 6367 JT,0.04681614733205491
2502 JT & 6479 JT,0.012600072585986844
2502 JT & 6770 JT,0.01378456052896772
2502 JT & 6952 JT,0.017291620282721014
2502 JT & 6954 JT,0.0006358434026856488
2502 JT & 7013 JT,0.00981934630887129
2502 JT & 7269 JT,0.020419783347227254
2502 JT & 7733 JT,0.0020369031769869677
2502 JT & 8035 JT,0.017256183618310918
2502 JT & 8058 JT,0.045762304899109575
2502 JT & 8304 JT,0.009471585984322137
2502 JT & 9412 JT,0.003331699405532596
2502 JT & 9433 JT,0.02801567292558818
2502 JT & 9437 JT,0.0060494318795393754
2502 JT & 9735 JT,0.03489382939689605
2503 JT & 2871 JT,0.012978775963659537
2503 JT & 3086 JT,0.046305256375135245
2503 JT & 3105 JT,0.04429140645049725
2503 JT & 3110 JT,0.04457824473083318
2503 JT & 3401 JT,0.036138206677675325
2503 JT & 3405 JT,0.013624045536538886
2503 JT & 3436 JT,0.021647331159717623
2503 JT & 3865 JT,0.0308503686748342
2503 JT & 4004 JT,0.04773018430712768
2503 JT & 4183 JT,0.044741182985166
2503 JT & 4188 JT,0.034733895891222104
2503 JT & 4208 JT,0.016265762302886927
2503 JT & 5020 JT,0.03340594187111829
2503 JT & 5101 JT,0.03282834154290157
2503 JT & 5201 JT,0.0003011971634647367
2503 JT & 5202 JT,0.036621440903658924
2503 JT & 5214 JT,0.02277139866463277
2503 JT & 5232 JT,0.03540267499560644
2503 JT & 5301 JT,0.0443696611809699
2503 JT & 5333 JT,0.04881567679573926
2503 JT & 5541 JT,0.040940311010849155
2503 JT & 5631 JT,0.020967646948330972
2503 JT & 5707 JT,0.0366306584532035
2503 JT & 5713 JT,0.043162981396122214
2503 JT & 6301 JT,0.03042123045716263
2503 JT & 6302 JT,0.04184702863561522
2503 JT & 6305 JT,0.04668899200366419
2503 JT & 6366 JT,0.02723119519886117
2503 JT & 6479 JT,0.041054476601793025
2503 JT & 6701 JT,0.049844861532569625
2503 JT & 6702 JT,0.044198459548904875
2503 JT & 6762 JT,0.04579832126391797
2503 JT & 6770 JT,0.04540389035500178
2503 JT & 6773 JT,0.03802475122414315
2503 JT & 6857 JT,0.0011011942748528208
2503 JT & 6952 JT,0.04465730798349703
2503 JT & 6954 JT,0.036520966718940305
2503 JT & 6976 JT,0.010649257660068884
2503 JT & 7004 JT,0.03721629018785699
2503 JT & 7211 JT,0.035582836212396
2503 JT & 7269 JT,0.04132900445405338
2503 JT & 7731 JT,0.028102956671746653
2503 JT & 7735 JT,0.016499635617560387
2503 JT & 7751 JT,0.01798894498217548
2503 JT & 8031 JT,0.04065737823972104
2503 JT & 8233 JT,0.022447065975356242
2503 JT & 8252 JT,0.010903152747464805
2503 JT & 8253 JT,0.03836844605031085
2503 JT & 8270 JT,0.03495600263758361
2503 JT & 8304 JT,0.04584976515474735
2503 JT & 8729 JT,0.040590824424412274
2503 JT & 8803 JT,0.02005978327312136
2503 JT & 9007 JT,0.022493900472902686
2503 JT & 9501 JT,0.04248677160131105
2503 JT & 9502 JT,0.025449732356075474
2503 JT & 9503 JT,0.02314708553140089
2531 JT & 2802 JT,0.043531637274297603
2531 JT & 3401 JT,0.0463305363392253
2531 JT & 3893 JT,0.02994731561955447
2531 JT & 4208 JT,0.021587313931157395
2531 JT & 5201 JT,0.018009741244722682
2531 JT & 5301 JT,0.04357921465594789
2531 JT & 5713 JT,0.04283233965417597
2531 JT & 6479 JT,0.04071686140497597
2531 JT & 6701 JT,0.04289181906338901
2531 JT & 6702 JT,0.04836670044342371
2531 JT & 6753 JT,0.03764691164420336
2531 JT & 6770 JT,0.04170208802182992
2531 JT & 7267 JT,0.01390135066406432
2531 JT & 7731 JT,0.04569883751494583
2531 JT & 8253 JT,0.03495741830125423
2531 JT & 8267 JT,0.03925064748603746
2531 JT & 8303 JT,0.011121101434352373
2531 JT & 8604 JT,0.01858382017313117
2531 JT & 9104 JT,0.04053504467557277
2531 JT & 9766 JT,0.04311611894552387
2768 JT & 3101 JT,0.04087147249780935
2768 JT & 3861 JT,0.034823860937052746
2768 JT & 3863 JT,0.02293212123176584
2768 JT & 4043 JT,0.0035018496400552046
2768 JT & 5541 JT,0.04250072233495992
2768 JT & 5714 JT,0.02285427131981862
2768 JT & 5715 JT,0.0437579301348096
2768 JT & 5901 JT,0.04986380647813939
2768 JT & 8316 JT,0.020947246910052827
2768 JT & 8804 JT,0.03304601779807757
2768 JT & 8830 JT,0.036585762267952585
2768 JT & 9104 JT,0.00963421973365448
2768 JT & 9984 JT,0.0290412967418424
2801 JT & 3401 JT,0.001932487310112852
2801 JT & 4503 JT,0.0072486998183811345
2801 JT & 6762 JT,0.02765923608281469
2801 JT & 8035 JT,0.025902138475449338
2801 JT & 8815 JT,0.04461644964123334
2801 JT & 9202 JT,0.004456604016713652
2802 JT & 3401 JT,0.004467129448969079
2802 JT & 6762 JT,0.02760860283949377
2802 JT & 6988 JT,0.002327415448758626
2802 JT & 9202 JT,0.026574626516864496
2871 JT & 8252 JT,0.024078296609162417
2914 JT & 3103 JT,0.027812134324712145
2914 JT & 3863 JT,0.025983295727033614
2914 JT & 4151 JT,0.03744921557597343
2914 JT & 4183 JT,0.03339733710516729
2914 JT & 4188 JT,0.04605574148454258
2914 JT & 4208 JT,0.03828373675644338
2914 JT & 4506 JT,0.017973325063392553
2914 JT & 4704 JT,0.029928899502114907
2914 JT & 4911 JT,0.038714576285527325
2914 JT & 5020 JT,0.04579453528038713
2914 JT & 5201 JT,0.04638558089627458
2914 JT & 5214 JT,0.0020846941584716405
2914 JT & 5233 JT,0.03796842364096026
2914 JT & 5301 JT,0.03184119013005732
2914 JT & 5333 JT,0.03958312778965206
2914 JT & 5541 JT,0.04399559943960926
2914 JT & 5631 JT,0.03736391383754978
2914 JT & 5703 JT,0.03243630082516422
2914 JT & 5706 JT,0.04329992216756177
2914 JT & 5707 JT,0.04658446824947866
2914 JT & 5711 JT,0.038492456831378107
2914 JT & 5715 JT,0.03605964629424834
2914 JT & 6113 JT,0.02881478137583879
2914 JT & 6366 JT,0.041084881404038015
2914 JT & 6471 JT,0.0467316755308306
2914 JT & 6703 JT,0.03878345815130603
2914 JT & 6773 JT,0.04397316517294268
2914 JT & 6857 JT,0.0331165800655821
2914 JT & 6952 JT,0.044161695507979895
2914 JT & 6954 JT,0.038095243493831844
2914 JT & 6971 JT,0.0321717806881695
2914 JT & 7004 JT,0.032774222816045126
2914 JT & 7211 JT,0.04273545693544785
2914 JT & 7269 JT,0.038583614933758385
2914 JT & 7731 JT,0.04674961460105733
2914 JT & 7735 JT,0.035645999126785254
2914 JT & 8001 JT,0.024842375761419403
2914 JT & 8015 JT,0.002445939383442054
2914 JT & 8031 JT,0.04054325798392658
2914 JT & 8270 JT,0.026752255365936617
2914 JT & 8331 JT,0.033234530057288554
2914 JT & 8795 JT,0.044305424560068245
3086 JT & 3105 JT,0.032004518900840336
3086 JT & 3110 JT,0.037682330055986195
3086 JT & 3401 JT,0.03087120206753207
3086 JT & 3436 JT,0.01968674614300362
3086 JT & 3863 JT,0.006596670130956932
3086 JT & 3865 JT,0.014793609337308116
3086 JT & 4004 JT,0.03010009862923568
3086 JT & 4005 JT,0.04805201732584039
3086 JT & 4021 JT,0.04462373391839448
3086 JT & 4183 JT,0.027515108475444423
3086 JT & 4188 JT,0.031449432101084876
3086 JT & 4208 JT,0.018548080389553058
3086 JT & 4452 JT,0.04400016777678972
3086 JT & 4503 JT,0.03801504890800112
3086 JT & 4506 JT,0.04593113826361174
3086 JT & 4519 JT,0.031578241355578365
3086 JT & 4704 JT,0.03938901914533394
3086 JT & 4901 JT,0.037352550010846294
3086 JT & 4902 JT,0.028166892281878003
3086 JT & 5020 JT,0.016526889288513178
3086 JT & 5201 JT,0.026254780704063795
3086 JT & 5202 JT,0.0184199375705941
3086 JT & 5214 JT,0.047011955218113154
3086 JT & 5232 JT,0.02846215631884586
3086 JT & 5233 JT,0.03971159865964192
3086 JT & 5333 JT,0.027511238608289728
3086 JT & 5401 JT,0.046299032845807164
3086 JT & 5406 JT,0.04684087927625064
3086 JT & 5413 JT,0.02159478676860382
3086 JT & 5541 JT,0.01498096097229592
3086 JT & 5631 JT,0.04620986083877719
3086 JT & 5706 JT,0.03737361357493133
3086 JT & 5707 JT,0.0078983308735434
3086 JT & 5711 JT,0.005955926011505798
3086 JT & 5713 JT,0.016954298110827357
3086 JT & 5801 JT,0.04767821194834405
3086 JT & 5803 JT,0.041996008411130464
3086 JT & 5901 JT,0.033156348185581996
3086 JT & 6103 JT,0.04201776957950697
3086 JT & 6301 JT,0.019437632951513087
3086 JT & 6302 JT,0.026562227077021754
3086 JT & 6305 JT,0.025670873145213227
3086 JT & 6366 JT,0.01922948912715537
3086 JT & 6367 JT,0.039173789844997496
3086 JT & 6471 JT,0.044523440714249185
3086 JT & 6472 JT,0.03448919479923938
3086 JT & 6473 JT,0.037844538256013145
3086 JT & 6479 JT,0.02073867097420893
3086 JT & 6501 JT,0.04242034352978783
3086 JT & 6503 JT,0.04774420009233432
3086 JT & 6508 JT,0.032772007931746554
3086 JT & 6674 JT,0.04770196695521325
3086 JT & 6701 JT,0.015434599693685838
3086 JT & 6702 JT,0.014541370191851668
3086 JT & 6752 JT,0.044189807070724355
3086 JT & 6753 JT,0.008423193614555976
3086 JT & 6762 JT,0.026834858312156557
3086 JT & 6770 JT,0.026566056522870852
3086 JT & 6773 JT,0.01133490704318614
3086 JT & 6841 JT,0.03694031147193646
3086 JT & 6857 JT,0.012203917126889289
3086 JT & 6952 JT,0.022226352822186827
3086 JT & 6954 JT,0.03443325560565126
3086 JT & 6976 JT,0.015961862563119024
3086 JT & 7004 JT,0.005776607448085333
3086 JT & 7211 JT,0.02771223200091664
3086 JT & 7269 JT,0.021650601179619176
3086 JT & 7731 JT,0.039621194633213334
3086 JT & 7733 JT,0.04379031707896883
3086 JT & 7751 JT,0.025456382171470962
3086 JT & 7762 JT,0.045643734776420315
3086 JT & 8002 JT,0.033348155884268704
3086 JT & 8031 JT,0.01837475480134808
3086 JT & 8035 JT,0.028897603095227167
3086 JT & 8053 JT,0.026168548924282213
3086 JT & 8058 JT,0.02475738472791221
3086 JT & 8253 JT,0.04275263414824187
3086 JT & 8267 JT,0.026179240498886844
3086 JT & 8604 JT,0.011892054541884106
3086 JT & 8729 JT,0.02270968181790661
3086 JT & 8750 JT,0.04286867267030656
3086 JT & 8795 JT,0.04507360823753847
3086 JT & 8830 JT,0.0486456899843434
3086 JT & 9008 JT,0.04558324568777927
3086 JT & 9104 JT,0.01951870877446137
3086 JT & 9202 JT,0.03855471203706579
3086 JT & 9412 JT,0.04851128253220805
3086 JT & 9432 JT,0.047643035073054084
3086 JT & 9501 JT,0.0018421330489131937
3086 JT & 9502 JT,0.003257232141201117
3086 JT & 9503 JT,0.0068919003468419955
3086 JT & 9766 JT,0.04029853278251254
3099 JT & 3401 JT,0.03814300459513278
3099 JT & 3407 JT,0.04150571281922176
3099 JT & 3436 JT,0.02562940256980266
3099 JT & 4005 JT,0.03053000091651955
3099 JT & 4061 JT,0.03290965602032916
3099 JT & 4183 JT,0.04171106857810717
3099 JT & 4188 JT,0.009635397348505522
3099 JT & 4507 JT,0.03891538867816906
3099 JT & 4543 JT,0.031017637247611963
3099 JT & 4902 JT,0.04941833680816391
3099 JT & 5020 JT,0.02440522752440798
3099 JT & 5406 JT,0.027791866482034237
3099 JT & 5541 JT,0.033383458233010706
3099 JT & 5711 JT,0.01717483683083669
3099 JT & 6301 JT,0.04787266372890523
3099 JT & 6302 JT,0.03852772015517689
3099 JT & 6305 JT,0.03136601355800333
3099 JT & 6472 JT,0.019791495853498608
3099 JT & 6479 JT,0.049057562030100775
3099 JT & 6758 JT,0.0215713464137165
3099 JT & 6762 JT,0.03177760372156734
3099 JT & 6767 JT,0.023445664417870334
3099 JT & 6857 JT,0.03374920242966032
3099 JT & 6952 JT,0.048327758853534394
3099 JT & 6971 JT,0.004074982112894749
3099 JT & 7012 JT,0.04149006313221799
3099 JT & 7203 JT,0.041188850261425096
3099 JT & 7733 JT,0.02820868647319932
3099 JT & 7735 JT,0.00031691323404855977
3099 JT & 7762 JT,0.04143248349209687
3099 JT & 8058 JT,0.032169833430379276
3099 JT & 8306 JT,0.016287740313779393
3099 JT & 8815 JT,0.04200884388842195
3099 JT & 9020 JT,0.017439312412319163
3099 JT & 9064 JT,0.026791163895527367
3099 JT & 9101 JT,0.04564325252654898
3099 JT & 9502 JT,0.022838332457780153
3099 JT & 9503 JT,0.022815879248315043
3099 JT & 9613 JT,0.02712614763340822
3101 JT & 3103 JT,0.01684774645583748
3101 JT & 3110 JT,0.0007967030273836853
3101 JT & 3289 JT,0.0021832205075366503
3101 JT & 3405 JT,0.024100688364122113
3101 JT & 3436 JT,0.01953591889118857
3101 JT & 3861 JT,0.03766566514767995
3101 JT & 3865 JT,0.04985359136980925
3101 JT & 4043 JT,0.027701855502258173
3101 JT & 4063 JT,0.02680962421343409
3101 JT & 4208 JT,8.51615378379765e-05
3101 JT & 4272 JT,0.007384472853196818
3101 JT & 4689 JT,0.0458269549606671
3101 JT & 5232 JT,0.011236315136826379
3101 JT & 5233 JT,0.03793189258736706
3101 JT & 5301 JT,0.0186881050250897
3101 JT & 5413 JT,0.022404160933044478
3101 JT & 5541 JT,0.026088913863939762
3101 JT & 5631 JT,0.043030521226590665
3101 JT & 5707 JT,0.03245378605605648
3101 JT & 5901 JT,5.985394238911298e-06
3101 JT & 6301 JT,0.01567770828263948
3101 JT & 6366 JT,0.008568387607639368
3101 JT & 6701 JT,0.044663672483968776
3101 JT & 6753 JT,0.03904619708795546
3101 JT & 6773 JT,0.03369941833754351
3101 JT & 6841 JT,0.028766461385649353
3101 JT & 6857 JT,0.010063572069048968
3101 JT & 7004 JT,0.047495887107460416
3101 JT & 7201 JT,0.04672545858026577
3101 JT & 7211 JT,0.029720938016356013
3101 JT & 7267 JT,0.0001626621307975414
3101 JT & 7751 JT,0.032635107507752587
3101 JT & 8253 JT,0.03408750304943203
3101 JT & 8267 JT,0.03352366036441727
3101 JT & 8309 JT,0.0007836316541080829
3101 JT & 8316 JT,0.0003730209384575418
3101 JT & 8729 JT,0.02683233059565429
3101 JT & 8801 JT,0.0013716317338037856
3101 JT & 8802 JT,0.0012863291558914232
3101 JT & 8804 JT,0.0010085271502909975
3101 JT & 8815 JT,0.025577172857493443
3101 JT & 8830 JT,0.00010351116501444644
3101 JT & 9007 JT,0.03319045345094782
3101 JT & 9008 JT,0.03530548666249959
3101 JT & 9104 JT,0.039952514815247996
3101 JT & 9681 JT,0.03247243782551899
3101 JT & 9766 JT,0.02304748558083929
3103 JT & 3893 JT,0.001150940718973402
3103 JT & 4208 JT,0.01134935079309273
3103 JT & 5301 JT,0.049740718837944675
3103 JT & 8253 JT,0.03156043581659223
3103 JT & 8815 JT,0.026591861041874835
3105 JT & 3893 JT,0.008912288580753349
3105 JT & 4042 JT,0.018042260165521393
3105 JT & 4324 JT,0.02394389436980531
3105 JT & 7012 JT,0.04382731965488758
3110 JT & 3893 JT,0.0007551118977839414
3289 JT & 6702 JT,0.03340250169228114
3289 JT & 8031 JT,0.04344417082202778
3289 JT & 8253 JT,0.030842228369205405
3289 JT & 8267 JT,0.00702708526494955
3289 JT & 8804 JT,0.03422388831715354
3289 JT & 8830 JT,0.02329148255389233
3289 JT & 9501 JT,0.002197528748146627
3382 JT & 3865 JT,0.04036371574414291
3382 JT & 4324 JT,0.0341669681004346
3382 JT & 5214 JT,0.010374271179918935
3382 JT & 5333 JT,0.02412422142700018
3382 JT & 5703 JT,0.01644141616420259
3382 JT & 5803 JT,0.0440363345100685
3382 JT & 6113 JT,0.025487289495404505
3382 JT & 6471 JT,0.023313229177600654
3382 JT & 6503 JT,0.006469042953093216
3382 JT & 6504 JT,0.025565159263358016
3382 JT & 6952 JT,0.04379539399985795
3382 JT & 6954 JT,0.0013568805692136855
3382 JT & 7261 JT,0.03336354611978313
3382 JT & 7269 JT,0.029029353348243275
3382 JT & 7752 JT,0.04562391792491912
3382 JT & 8001 JT,0.03716853418834677
3382 JT & 8304 JT,0.042477832670195
3382 JT & 8795 JT,0.020060443078604644
3382 JT & 9432 JT,0.03666602183873053
3401 JT & 3402 JT,0.0229116257835447
3401 JT & 4503 JT,0.035151228576771644
3401 JT & 6762 JT,0.01171954775517898
3401 JT & 6770 JT,0.011033337809698235
3401 JT & 9021 JT,0.02617790754031948
3401 JT & 9107 JT,0.026656138934843556
3401 JT & 9202 JT,0.0006281233072389713
3402 JT & 4507 JT,0.017691440451472584
3402 JT & 9107 JT,0.019150957735041777
3405 JT & 6502 JT,0.0346949450442629
3407 JT & 6302 JT,0.0433446220517781
3407 JT & 6762 JT,0.04063719369021621
3407 JT & 6988 JT,0.03874369652324463
3407 JT & 8766 JT,0.03661047078144299
3436 JT & 6988 JT,0.003258781568077157
3861 JT & 5232 JT,0.021569242004141353
3861 JT & 5332 JT,0.020443235864663022
3861 JT & 6841 JT,0.04445741572092121
3863 JT & 6753 JT,0.04855462896593208
3863 JT & 8815 JT,0.02427683689282473
3863 JT & 9503 JT,0.03612802690324148
3864 JT & 3865 JT,0.018444777217202404
3864 JT & 4004 JT,0.021576446362565366
3864 JT & 4208 JT,0.001788795543876175
3864 JT & 4452 JT,0.02176465857161038
3864 JT & 4503 JT,0.023971065453700553
3864 JT & 4506 JT,0.047294918461555494
3864 JT & 4507 JT,0.0365811395935729
3864 JT & 4519 JT,0.038450153139468944
3864 JT & 4568 JT,0.04394838476788231
3864 JT & 5101 JT,0.029533146378336813
3864 JT & 5201 JT,0.022057260432683756
3864 JT & 5232 JT,0.043538432770891734
3864 JT & 5541 JT,0.0320871529482426
3864 JT & 5631 JT,0.03993060537644471
3864 JT & 5801 JT,0.02758134247677333
3864 JT & 6305 JT,0.035123272387748525
3864 JT & 6502 JT,0.04475056055253618
3864 JT & 6701 JT,0.025711673085830982
3864 JT & 6702 JT,0.01040760425549376
3864 JT & 6773 JT,0.04023846609144663
3864 JT & 6857 JT,0.03531107929983687
3864 JT & 6976 JT,0.02944266367481651
3864 JT & 7004 JT,0.04051425977964233
3864 JT & 7011 JT,0.04187111695154509
3864 JT & 7201 JT,0.04406216859576428
3864 JT & 7269 JT,0.014474052761451178
3864 JT & 7731 JT,0.028403680948075924
3864 JT & 7751 JT,0.006411523024192554
3864 JT & 8015 JT,0.0342959082406494
3864 JT & 8233 JT,0.04326916433478414
3864 JT & 8252 JT,0.03701870983693822
3864 JT & 8303 JT,0.013750049547347463
3864 JT & 9021 JT,0.04692665133209425
3865 JT & 3893 JT,0.036489282370351185
3865 JT & 4004 JT,0.023585509804185258
3865 JT & 4005 JT,0.004750160241116697
3865 JT & 4021 JT,0.007538255670884289
3865 JT & 4041 JT,0.006096006711758653
3865 JT & 4042 JT,0.0008474049233268439
3865 JT & 4043 JT,0.03171721840316862
3865 JT & 4061 JT,0.008722549341768967
3865 JT & 4063 JT,0.02499973958462064
3865 JT & 4151 JT,0.011021171729641059
3865 JT & 4183 JT,0.01513725907535811
3865 JT & 4188 JT,0.029158253174882638
3865 JT & 4272 JT,0.024820775124092902
3865 JT & 4324 JT,0.001905612541539873
3865 JT & 4452 JT,0.0014277408590969891
3865 JT & 4502 JT,0.0033805175819215747
3865 JT & 4503 JT,0.002168129451234448
3865 JT & 4506 JT,0.03693423764542891
3865 JT & 4507 JT,0.0031267568816595297
3865 JT & 4519 JT,0.003925527952658644
3865 JT & 4523 JT,0.013671068063381548
3865 JT & 4543 JT,0.03229458104610333
3865 JT & 4568 JT,0.030227199364964517
3865 JT & 4689 JT,0.03469661796250433
3865 JT & 4704 JT,0.01378063622439652
3865 JT & 4901 JT,0.006710478363799514
3865 JT & 4902 JT,0.006470564098326142
3865 JT & 4911 JT,0.02150922254911815
3865 JT & 5002 JT,0.014426279723143148
3865 JT & 5101 JT,0.029283554472114122
3865 JT & 5108 JT,0.009424143208554222
3865 JT & 5201 JT,0.030913279782205632
3865 JT & 5202 JT,0.03864028836589016
3865 JT & 5214 JT,0.029599576608482843
3865 JT & 5232 JT,0.023586232937671398
3865 JT & 5233 JT,0.027928678072248185
3865 JT & 5301 JT,0.013788931949465877
3865 JT & 5332 JT,0.01311678042401964
3865 JT & 5333 JT,0.008038422035920869
3865 JT & 5401 JT,0.036153832838597064
3865 JT & 5406 JT,0.018263230628846952
3865 JT & 5411 JT,0.036308943040336786
3865 JT & 5413 JT,0.009833581502896135
3865 JT & 5541 JT,0.03910331992530567
3865 JT & 5631 JT,0.00263327225651281
3865 JT & 5703 JT,0.01215720709648705
3865 JT & 5706 JT,0.011121519718474249
3865 JT & 5707 JT,0.02133851840669933
3865 JT & 5711 JT,0.04138778927072864
3865 JT & 5713 JT,0.0016184835183471267
3865 JT & 5714 JT,0.011027178909249936
3865 JT & 5715 JT,0.031242508275380835
3865 JT & 5801 JT,0.04513423309928478
3865 JT & 5802 JT,0.02101193045669091
3865 JT & 5803 JT,0.013798222330424206
3865 JT & 5901 JT,0.046768263537033596
3865 JT & 6103 JT,0.011907858007516828
3865 JT & 6113 JT,0.010915030464818256
3865 JT & 6301 JT,0.041531056650525526
3865 JT & 6302 JT,0.011452973291890326
3865 JT & 6305 JT,0.029956131497821066
3865 JT & 6326 JT,0.02287775942862458
3865 JT & 6361 JT,0.036384823776964344
3865 JT & 6366 JT,0.04957703689364963
3865 JT & 6367 JT,0.0036444985362304246
3865 JT & 6471 JT,0.01162217175384719
3865 JT & 6472 JT,0.01351395280681161
3865 JT & 6473 JT,0.0014802930506588891
3865 JT & 6479 JT,0.0010356558654964195
3865 JT & 6501 JT,0.007097036261268473
3865 JT & 6502 JT,0.03410497238584761
3865 JT & 6503 JT,0.008423146061757602
3865 JT & 6504 JT,0.0108809107515805
3865 JT & 6506 JT,0.01816231691707559
3865 JT & 6508 JT,0.028411320609151917
3865 JT & 6674 JT,0.023409858097867838
3865 JT & 6701 JT,0.013512248020897337
3865 JT & 6702 JT,0.003943126056396738
3865 JT & 6703 JT,0.01914837398984078
3865 JT & 6752 JT,0.0035964444057023726
3865 JT & 6753 JT,0.0020434438622929873
3865 JT & 6758 JT,0.020110814233218907
3865 JT & 6762 JT,0.004096897207024426
3865 JT & 6767 JT,0.0028770212811290597
3865 JT & 6770 JT,0.00491659404810721
3865 JT & 6773 JT,0.015738983553401302
3865 JT & 6841 JT,0.008966707014667626
3865 JT & 6857 JT,0.039878128735228044
3865 JT & 6902 JT,0.010369060258181725
3865 JT & 6952 JT,0.0022738418872318956
3865 JT & 6954 JT,0.0052933142660453
3865 JT & 6971 JT,0.034084965772887006
3865 JT & 6976 JT,0.03515446986691104
3865 JT & 7003 JT,0.011839941165341298
3865 JT & 7004 JT,0.006506196331767614
3865 JT & 7011 JT,0.022226812319847147
3865 JT & 7012 JT,0.004729938841345756
3865 JT & 7013 JT,0.011528671304842489
3865 JT & 7201 JT,0.04397589904842103
3865 JT & 7202 JT,0.03920750743228921
3865 JT & 7203 JT,0.016635616112201164
3865 JT & 7205 JT,0.02512011387013485
3865 JT & 7211 JT,0.010991372727613085
3865 JT & 7261 JT,0.009071742611431188
3865 JT & 7267 JT,0.047617210654719994
3865 JT & 7269 JT,0.008669312127515207
3865 JT & 7270 JT,0.00662553634288896
3865 JT & 7731 JT,0.015987654031609545
3865 JT & 7733 JT,0.0023121397033611314
3865 JT & 7735 JT,0.005318878454440281
3865 JT & 7751 JT,0.013372043060052439
3865 JT & 7752 JT,0.012519222218040315
3865 JT & 7762 JT,0.0017214428991393334
3865 JT & 7911 JT,0.020289570192468253
3865 JT & 7912 JT,0.014930395177942776
3865 JT & 7951 JT,0.001312752199923932
3865 JT & 8001 JT,0.02398559232552871
3865 JT & 8002 JT,0.04996909845725932
3865 JT & 8015 JT,0.03288941934249732
3865 JT & 8031 JT,0.018171295673229088
3865 JT & 8035 JT,0.0003869483564023978
3865 JT & 8058 JT,0.010893557920471985
3865 JT & 8233 JT,0.03612037207652758
3865 JT & 8252 JT,0.03246338805063163
3865 JT & 8253 JT,0.024536974356471612
3865 JT & 8267 JT,0.028577039574564575
3865 JT & 8303 JT,0.03104151644022083
3865 JT & 8304 JT,0.012813094340057085
3865 JT & 8306 JT,0.03696510357721838
3865 JT & 8308 JT,0.0057248935681208
3865 JT & 8309 JT,0.04021108327383681
3865 JT & 8316 JT,0.04099431853622784
3865 JT & 8331 JT,0.0307321525325948
3865 JT & 8332 JT,0.015023807022868091
3865 JT & 8354 JT,0.011373561242514858
3865 JT & 8355 JT,0.043722420770817845
3865 JT & 8411 JT,0.036372212520743984
3865 JT & 8601 JT,0.024287226041008976
3865 JT & 8604 JT,0.04197387170197697
3865 JT & 8628 JT,0.026786038374922355
3865 JT & 8630 JT,0.0058424582138976115
3865 JT & 8725 JT,0.02795662537271439
3865 JT & 8729 JT,0.027786763906632234
3865 JT & 8750 JT,0.009796384569955132
3865 JT & 8766 JT,0.010338863451535788
3865 JT & 8795 JT,0.031993662947484125
3865 JT & 8801 JT,0.032542413720595194
3865 JT & 8802 JT,0.034052511865438694
3865 JT & 8803 JT,0.039857928768078185
3865 JT & 8804 JT,0.031053618008747164
3865 JT & 8830 JT,0.03978826114110651
3865 JT & 9001 JT,0.04542861919919583
3865 JT & 9005 JT,0.03451486569354184
3865 JT & 9007 JT,0.04044834390294752
3865 JT & 9008 JT,0.019958365891614923
3865 JT & 9009 JT,0.00436894262630768
3865 JT & 9020 JT,0.007447058256453614
3865 JT & 9021 JT,0.010062911318059333
3865 JT & 9022 JT,0.009384426128707732
3865 JT & 9062 JT,0.004214752229203882
3865 JT & 9064 JT,0.01332640146308416
3865 JT & 9101 JT,0.007194885720991435
3865 JT & 9104 JT,0.040779110696704535
3865 JT & 9107 JT,0.0032764289636828905
3865 JT & 9202 JT,0.004207812252222179
3865 JT & 9301 JT,0.0265600392548487
3865 JT & 9412 JT,0.006928062464970246
3865 JT & 9432 JT,0.014447523782886764
3865 JT & 9433 JT,0.00532597262376419
3865 JT & 9437 JT,0.008060668114178665
3865 JT & 9501 JT,0.03237262255937328
3865 JT & 9502 JT,0.039723319887120266
3865 JT & 9503 JT,0.025236931071268093
3865 JT & 9531 JT,0.014430493197192694
3865 JT & 9532 JT,0.024988404955871946
3865 JT & 9602 JT,0.004306295022037937
3865 JT & 9613 JT,0.00209694791862053
3865 JT & 9681 JT,0.02035675096795256
3865 JT & 9735 JT,0.00859610934415509
3865 JT & 9983 JT,0.0033117565752762215
3865 JT & 9984 JT,0.016740156815647916
3893 JT & 4324 JT,0.02419804868326258
3893 JT & 5002 JT,0.048441689234936455
3893 JT & 5901 JT,0.01033860776429529
3893 JT & 8729 JT,0.036763524979136104
4004 JT & 4021 JT,0.03644031783434854
4004 JT & 4063 JT,0.013022989627320137
4004 JT & 4151 JT,0.014232386821139325
4004 JT & 4188 JT,0.037975904061294974
4004 JT & 4272 JT,0.01062440760472645
4004 JT & 4324 JT,0.008569172837382285
4004 JT & 4452 JT,0.03687941327598567
4004 JT & 4502 JT,0.006668150828347889
4004 JT & 4503 JT,0.004189388088058706
4004 JT & 4506 JT,0.020516559624305482
4004 JT & 4507 JT,0.006009204662450463
4004 JT & 4519 JT,0.007847175862110698
4004 JT & 4523 JT,0.021541335270060163
4004 JT & 4543 JT,0.013101832751567984
4004 JT & 4689 JT,0.021576850243848086
4004 JT & 4704 JT,0.04414797833533415
4004 JT & 4901 JT,0.005007713564868806
4004 JT & 4902 JT,0.0244956291253802
4004 JT & 4911 JT,0.02049578150284415
4004 JT & 5020 JT,0.019299605762345948
4004 JT & 5101 JT,0.010261113104470945
4004 JT & 5108 JT,0.04693526003521127
4004 JT & 5333 JT,0.01909919960139308
4004 JT & 5706 JT,0.049647330394999474
4004 JT & 5707 JT,0.012193980653859994
4004 JT & 5711 JT,0.023422949103700467
4004 JT & 5713 JT,0.04775714226059539
4004 JT & 5802 JT,0.01628793630528139
4004 JT & 5803 JT,0.014599032754615727
4004 JT & 6103 JT,0.04914094771837351
4004 JT & 6113 JT,0.043560806270197996
4004 JT & 6302 JT,0.038963450874540326
4004 JT & 6305 JT,0.018001638824538636
4004 JT & 6326 JT,0.013629439344396066
4004 JT & 6367 JT,0.03771970960814089
4004 JT & 6471 JT,0.044012643713527505
4004 JT & 6473 JT,0.04627209885140934
4004 JT & 6479 JT,0.006830252204477468
4004 JT & 6501 JT,0.021737037887120707
4004 JT & 6502 JT,0.00626389374859915
4004 JT & 6503 JT,0.035926468624737896
4004 JT & 6504 JT,0.04759286194160272
4004 JT & 6506 JT,0.03313492622388994
4004 JT & 6701 JT,0.03688119336698251
4004 JT & 6702 JT,0.023936403669297765
4004 JT & 6703 JT,0.043888032262634755
4004 JT & 6752 JT,0.03190459555565632
4004 JT & 6762 JT,0.02363102012997637
4004 JT & 6767 JT,0.016578320358953118
4004 JT & 6770 JT,0.023564234110208238
4004 JT & 6773 JT,0.03083139057485481
4004 JT & 6902 JT,0.04107622802343025
4004 JT & 6952 JT,0.007145319929461095
4004 JT & 6954 JT,0.03223250449050131
4004 JT & 6976 JT,0.030343412721794312
4004 JT & 6988 JT,0.029393520693699084
4004 JT & 7011 JT,0.008893168859682707
4004 JT & 7012 JT,0.042687351829775
4004 JT & 7013 JT,0.039498285287499865
4004 JT & 7202 JT,0.045544184920878576
4004 JT & 7261 JT,0.041393902008070485
4004 JT & 7269 JT,0.025851219493283725
4004 JT & 7270 JT,0.03967217686799338
4004 JT & 7733 JT,0.03154502971480453
4004 JT & 7735 JT,0.002443218101206178
4004 JT & 7751 JT,0.014741356432631785
4004 JT & 7752 JT,0.037196726896169104
4004 JT & 7762 JT,0.03830812192510611
4004 JT & 7912 JT,0.019827896185238492
4004 JT & 8001 JT,0.025979520392501874
4004 JT & 8035 JT,0.009302903390127125
4004 JT & 8233 JT,0.01814463406645155
4004 JT & 8252 JT,0.008670361007724281
4004 JT & 8270 JT,0.02140225919425819
4004 JT & 8303 JT,0.020688087940057522
4004 JT & 8304 JT,0.007808082512398455
4004 JT & 8306 JT,0.010367917602009865
4004 JT & 8308 JT,0.007512984090515702
4004 JT & 8309 JT,0.016473689283580836
4004 JT & 8331 JT,0.028502870545490663
4004 JT & 8332 JT,0.03359140342309713
4004 JT & 8354 JT,0.026181144400212172
4004 JT & 8601 JT,0.04117686856617114
4004 JT & 8628 JT,0.003803516394030037
4004 JT & 8630 JT,0.04742608934778136
4004 JT & 8750 JT,0.02079572710365441
4004 JT & 8766 JT,0.0467882215517504
4004 JT & 8801 JT,0.03127119952359527
4004 JT & 8802 JT,0.04381663652853614
4004 JT & 8803 JT,0.02725849026692388
4004 JT & 8804 JT,0.033330618178563295
4004 JT & 9001 JT,0.04268073705025488
4004 JT & 9005 JT,0.019812993633809752
4004 JT & 9007 JT,0.01876926257164382
4004 JT & 9008 JT,0.01131933507254091
4004 JT & 9009 JT,0.01067115637339694
4004 JT & 9020 JT,0.013211368512594022
4004 JT & 9021 JT,0.00521996522277425
4004 JT & 9022 JT,0.010949847563050636
4004 JT & 9062 JT,0.015372999757545618
4004 JT & 9064 JT,0.015354827005351233
4004 JT & 9107 JT,0.041958411940908116
4004 JT & 9202 JT,0.033872560320253084
4004 JT & 9301 JT,0.00197650836194379
4004 JT & 9412 JT,0.009633889113268387
4004 JT & 9432 JT,0.014308496581299684
4004 JT & 9433 JT,0.031912796012821244
4004 JT & 9437 JT,0.03927933880858264
4004 JT & 9531 JT,0.04029140534465376
4004 JT & 9532 JT,0.027726209181005736
4004 JT & 9602 JT,0.024910727456346583
4004 JT & 9613 JT,0.020496909812130888
4004 JT & 9735 JT,0.01662126268419848
4004 JT & 9983 JT,0.0030746853892641415
4004 JT & 9984 JT,0.01928564514526912
4005 JT & 4324 JT,0.014111957098613178
4005 JT & 6902 JT,0.00657205347966061
4005 JT & 6954 JT,0.027131373490928184
4005 JT & 7012 JT,0.011002827942479242
4005 JT & 7261 JT,0.03670309478370938
4005 JT & 7762 JT,0.0003878941731463088
4005 JT & 8630 JT,0.011051679834920714
4005 JT & 9101 JT,0.006083596780310708
4005 JT & 9433 JT,0.045144244914910994
4021 JT & 4183 JT,0.011586791807399703
4021 JT & 4902 JT,0.028030840295291685
4021 JT & 6302 JT,0.0118880739642354
4021 JT & 6762 JT,0.0339962073214445
4021 JT & 6770 JT,0.035968264171634144
4021 JT & 6954 JT,0.003437251580534709
4021 JT & 6988 JT,0.023473364451551237
4021 JT & 7733 JT,0.0396937749521838
4021 JT & 9202 JT,0.029242950976658157
4021 JT & 9412 JT,0.0007217825391741463
4041 JT & 8729 JT,0.01339607305392011
4042 JT & 4324 JT,0.015387887580330325
4042 JT & 6954 JT,0.0270365223583658
4042 JT & 8630 JT,0.024373393311649796
4061 JT & 4272 JT,0.04334445362029919
4061 JT & 7735 JT,0.0407796543005744
4061 JT & 9101 JT,0.04300958401946384
4063 JT & 6988 JT,0.04239883373405889
4063 JT & 7751 JT,0.02303232736327641
4151 JT & 8015 JT,0.01566636931222736
4183 JT & 4503 JT,0.028600741435857183
4183 JT & 4901 JT,0.04321123143117154
4183 JT & 4902 JT,0.04331043939984962
4183 JT & 6302 JT,0.009186951545470159
4183 JT & 6479 JT,0.019684776854822086
4183 JT & 6762 JT,0.034344310393992786
4183 JT & 6770 JT,0.009563801087861033
4183 JT & 7013 JT,0.008298109927350078
4183 JT & 7270 JT,0.0075819449117709254
4183 JT & 7733 JT,0.004496350970438285
4183 JT & 8304 JT,0.017336849700235347
4183 JT & 9022 JT,0.014036560209243093
4183 JT & 9202 JT,0.01174929449757161
4183 JT & 9412 JT,0.0026404216393023077
4183 JT & 9433 JT,0.03993403077257968
4183 JT & 9437 JT,0.020323665778157366
4183 JT & 9735 JT,0.03156476411491994
4188 JT & 4507 JT,0.015482258762411256
4188 JT & 6302 JT,0.03340633539888144
4188 JT & 7735 JT,0.0020088762032448647
4188 JT & 9021 JT,0.022426699620674402
4208 JT & 4452 JT,0.03946778973715495
4208 JT & 4519 JT,0.03706325037031039
4208 JT & 4523 JT,0.022294166096481077
4208 JT & 4689 JT,0.02552864906113929
4208 JT & 5707 JT,0.04137590923379606
4208 JT & 5713 JT,0.03346234456925887
4208 JT & 5901 JT,0.016997415845085642
4208 JT & 6301 JT,0.032714808093631295
4208 JT & 6701 JT,0.021376677410694697
4208 JT & 6702 JT,0.04844352367301388
4208 JT & 6773 JT,0.04619635828128192
4208 JT & 7267 JT,0.0019626776325135774
4208 JT & 7269 JT,0.04139427347558471
4208 JT & 8031 JT,0.022816028906122353
4208 JT & 8253 JT,0.0054632623794953344
4208 JT & 8267 JT,0.028612912549243315
4208 JT & 8304 JT,0.03637550487374003
4208 JT & 8309 JT,0.04790327692786276
4208 JT & 8316 JT,0.026344109103693596
4208 JT & 8411 JT,0.04962285589197321
4208 JT & 8802 JT,0.02509760634334993
4208 JT & 8830 JT,0.04839602966993676
4208 JT & 9001 JT,0.03924671814452649
4208 JT & 9008 JT,0.023208437263218567
4208 JT & 9104 JT,0.02837136167769351
4208 JT & 9202 JT,0.04549940465029035
4208 JT & 9531 JT,0.035041402697763464
4208 JT & 9681 JT,0.01795596625835507
4272 JT & 5108 JT,0.047914153959873806
4272 JT & 5406 JT,0.006630939110887307
4272 JT & 6326 JT,0.017677416755587653
4272 JT & 6767 JT,0.008997010401971966
4272 JT & 7012 JT,0.03368146637131809
4272 JT & 7735 JT,0.03321264632541548
4272 JT & 8306 JT,0.027207069357924978
4272 JT & 8766 JT,0.04251011253345891
4272 JT & 9020 JT,0.006048574735071574
4272 JT & 9983 JT,0.018562673278468153
4324 JT & 6367 JT,0.0063938692127719216
4324 JT & 6473 JT,0.043291375212644236
4324 JT & 6752 JT,0.029728884654620015
4324 JT & 6954 JT,0.0005016843276742483
4324 JT & 7762 JT,0.019421703496447985
4324 JT & 7951 JT,0.018934818351536722
4324 JT & 8630 JT,0.009745056657446185
4324 JT & 9433 JT,0.012370992957692374
4452 JT & 6479 JT,0.035759779953317736
4452 JT & 6952 JT,0.0293743489835773
4452 JT & 6954 JT,0.0482693733155512
4452 JT & 7269 JT,0.005258528758113636
4452 JT & 8304 JT,0.006077802071697352
4452 JT & 9202 JT,0.023819791164242484
4502 JT & 4507 JT,0.01818101305954071
4502 JT & 4523 JT,0.014081232917332034
4502 JT & 6762 JT,0.04449861077058556
4502 JT & 6954 JT,0.033783078725620176
4502 JT & 7735 JT,0.029006599894379516
4502 JT & 7751 JT,0.003933225823994441
4502 JT & 9062 JT,0.0256030015228996
4502 JT & 9107 JT,0.03252434488882852
4502 JT & 9301 JT,0.030085895026933446
4503 JT & 6302 JT,0.0218881165530399
4503 JT & 6762 JT,0.009894772258948714
4503 JT & 6770 JT,0.01968592381024232
4503 JT & 6954 JT,0.024463116655612308
4503 JT & 6988 JT,0.003648366684664489
4503 JT & 7269 JT,0.01074856359279039
4503 JT & 8815 JT,0.02647153689106717
4503 JT & 9412 JT,0.044774107436471214
4506 JT & 5801 JT,0.03535760904287221
4507 JT & 6988 JT,0.048488731237168764
4507 JT & 7735 JT,0.04381943389126099
4507 JT & 8815 JT,0.010628600108479014
4519 JT & 5631 JT,0.02915465997711468
4519 JT & 5713 JT,0.032484918654759685
4519 JT & 6701 JT,0.04682351255156618
4519 JT & 6952 JT,0.01126157076071769
4519 JT & 7269 JT,0.002411684524691233
4519 JT & 8031 JT,0.021054172329550595
4519 JT & 8035 JT,0.03969612231173026
4523 JT & 7751 JT,0.003961061090294286
4543 JT & 6302 JT,0.030750787878046484
4543 JT & 6326 JT,0.017176804840994396
4543 JT & 6971 JT,0.03027118185723537
4543 JT & 7735 JT,0.00029874872378060126
4543 JT & 9502 JT,0.02961883968623732
4568 JT & 4911 JT,0.006334595363069767
4568 JT & 5020 JT,0.02370912003561974
4568 JT & 5201 JT,0.021483694031194035
4568 JT & 5202 JT,0.006182456147425028
4568 JT & 5214 JT,0.003718540051021208
4568 JT & 5232 JT,0.020412405070502473
4568 JT & 5233 JT,0.031238824361353553
4568 JT & 5301 JT,0.018153789243972714
4568 JT & 5333 JT,0.03567612438300577
4568 JT & 5413 JT,0.011652596167133954
4568 JT & 5541 JT,0.021293185083038454
4568 JT & 5631 JT,0.020637681653571202
4568 JT & 5706 JT,0.013858608946058198
4568 JT & 5707 JT,0.009595111398926414
4568 JT & 5711 JT,0.03791800671124744
4568 JT & 5713 JT,0.047488512324388873
4568 JT & 5714 JT,0.04156133601805268
4568 JT & 5801 JT,0.03253179903213343
4568 JT & 5802 JT,0.047593224322652415
4568 JT & 5803 JT,0.0424017224938732
4568 JT & 5901 JT,0.04683299241319392
4568 JT & 6301 JT,0.029131954537994015
4568 JT & 6302 JT,0.037928882232326995
4568 JT & 6361 JT,0.04075427152363155
4568 JT & 6366 JT,0.017252076509553686
4568 JT & 6479 JT,0.040857281760986276
4568 JT & 6508 JT,0.0333080556246916
4568 JT & 6674 JT,0.008326213937004875
4568 JT & 6701 JT,0.04803328937319659
4568 JT & 6702 JT,0.028658586232197872
4568 JT & 6753 JT,0.01893373672468353
4568 JT & 6770 JT,0.04713531769585456
4568 JT & 6773 JT,0.016428498770955438
4568 JT & 6857 JT,0.020286834953317255
4568 JT & 6952 JT,0.03957084313205808
4568 JT & 6954 JT,0.022399737592924764
4568 JT & 7004 JT,0.020736781175183412
4568 JT & 7211 JT,0.029405066791888985
4568 JT & 7269 JT,0.04055200773551354
4568 JT & 7731 JT,0.02679758981655915
4568 JT & 7735 JT,0.026592193911759696
4568 JT & 7751 JT,0.03372752224898177
4568 JT & 8002 JT,0.012874779917845823
4568 JT & 8031 JT,0.03339736586729843
4568 JT & 8053 JT,0.025345886767826956
4568 JT & 8253 JT,0.024539971756266377
4568 JT & 8270 JT,0.03623539541156014
4568 JT & 8304 JT,0.045149806384918556
4568 JT & 8309 JT,0.03639307438889715
4568 JT & 8355 JT,0.04890246760685414
4568 JT & 8628 JT,0.021669992617415118
4568 JT & 8729 JT,0.015450128579176764
4568 JT & 8801 JT,0.005460514032378419
4568 JT & 8802 JT,0.028479515159791673
4568 JT & 8804 JT,0.023202303403889984
4568 JT & 8830 JT,0.0178632817615988
4568 JT & 9007 JT,0.04283505191448141
4568 JT & 9501 JT,0.04446215966990345
4568 JT & 9502 JT,0.034407604576603676
4568 JT & 9503 JT,0.02728663160136007
4568 JT & 9766 JT,0.020514778914130283
4568 JT & 9984 JT,0.042151262363656274
4689 JT & 5801 JT,0.008740626308690812
4689 JT & 6301 JT,0.04354873912067233
4689 JT & 6366 JT,0.009803041810294564
4689 JT & 9008 JT,0.03899754657514071
4689 JT & 9104 JT,0.04312089841841494
4704 JT & 5233 JT,0.0010277482725457054
4704 JT & 5401 JT,0.049219120055317665
4704 JT & 5413 JT,0.02129885429185039
4704 JT & 5714 JT,0.00582749751962874
4704 JT & 5715 JT,0.0008026484940990976
4704 JT & 7731 JT,0.026051904344454604
4704 JT & 8002 JT,0.015247648984296426
4704 JT & 8729 JT,0.005388089665835528
4704 JT & 9984 JT,0.03781352229559762
4901 JT & 4902 JT,0.006205482965526287
4901 JT & 6302 JT,0.04341374850339521
4901 JT & 6770 JT,0.025081849958068034
4901 JT & 6954 JT,0.00024651981472005976
4901 JT & 6988 JT,0.034253386212521574
4902 JT & 6770 JT,0.020932417821150007
4902 JT & 6954 JT,0.0006009614672470252
4911 JT & 5803 JT,0.04288756769471296
4911 JT & 6504 JT,0.019299433034236407
4911 JT & 6508 JT,0.04833458437008229
4911 JT & 6674 JT,0.011363156828617963
4911 JT & 7731 JT,0.042253798473277114
5002 JT & 5214 JT,0.026241128036041433
5002 JT & 7731 JT,0.044985645890923104
5002 JT & 7911 JT,0.04373972415387688
5020 JT & 5101 JT,0.04162457474275858
5020 JT & 5411 JT,0.03608874541898568
5020 JT & 6301 JT,0.015656729522039933
5020 JT & 6302 JT,0.023376963309053273
5020 JT & 6305 JT,0.007333087012073625
5020 JT & 6326 JT,0.02683026554640122
5020 JT & 6758 JT,0.005081830258295001
5020 JT & 6762 JT,0.032499043893244976
5020 JT & 6857 JT,0.02070975605043477
5020 JT & 6971 JT,0.04406471970786295
5020 JT & 6976 JT,0.028080606226203567
5020 JT & 7012 JT,0.03848317666294531
5020 JT & 7201 JT,0.038539229502996854
5020 JT & 7202 JT,0.04088894302061642
5020 JT & 7203 JT,0.020425125857039775
5020 JT & 7270 JT,0.02826854224300427
5020 JT & 7735 JT,0.0015796872639263324
5020 JT & 7751 JT,0.03765487364149938
5020 JT & 8354 JT,0.042696756766157945
5020 JT & 8766 JT,0.031002473492836646
5020 JT & 9009 JT,0.010781790133177864
5020 JT & 9021 JT,0.025958828197867184
5020 JT & 9022 JT,0.04975057127711348
5020 JT & 9062 JT,0.04561280803155453
5020 JT & 9064 JT,0.040539045060569705
5020 JT & 9107 JT,0.01764516708131431
5020 JT & 9202 JT,0.04370234047601185
5020 JT & 9502 JT,0.01973065049677327
5020 JT & 9503 JT,0.037687041850312256
5020 JT & 9983 JT,0.028827804709372126
5101 JT & 6103 JT,0.029810532617579315
5101 JT & 6305 JT,0.028266876065979957
5101 JT & 6472 JT,0.02301258748655123
5101 JT & 7211 JT,0.020764960150442574
5101 JT & 7735 JT,0.04424570945836761
5101 JT & 8252 JT,0.028348193768681654
5101 JT & 8803 JT,0.0409165656831492
5108 JT & 6954 JT,0.04264644287952041
5202 JT & 6857 JT,0.01688270923664613
5202 JT & 6988 JT,0.020476858931795603
5214 JT & 5333 JT,0.04497263359376136
5214 JT & 5413 JT,0.044974020103155904
5214 JT & 5703 JT,0.029730406587776467
5214 JT & 5714 JT,0.02699440606877136
5214 JT & 5803 JT,0.04601700775803838
5214 JT & 6113 JT,0.014929275186389951
5214 JT & 6367 JT,0.020190836888399122
5214 JT & 6471 JT,0.02361314858515385
5214 JT & 6472 JT,0.04491413529616133
5214 JT & 6473 JT,0.03988089323184984
5214 JT & 6503 JT,0.024968774775579152
5214 JT & 6504 JT,0.014348521096495996
5214 JT & 6674 JT,0.04590581148889813
5214 JT & 6703 JT,0.04484081827876511
5214 JT & 6752 JT,0.042404265767034446
5214 JT & 6952 JT,0.04705047607125267
5214 JT & 7011 JT,0.04259565314598032
5214 JT & 7261 JT,0.025188510630009417
5214 JT & 7270 JT,0.04645589629402648
5214 JT & 7733 JT,0.019768986146172705
5214 JT & 7911 JT,0.023836045456840045
5214 JT & 7912 JT,0.02616229678536515
5214 JT & 7951 JT,0.02589794370778246
5214 JT & 8001 JT,0.025588294506905924
5214 JT & 8015 JT,0.0016237905268592847
5214 JT & 8304 JT,0.04801839085414984
5214 JT & 8332 JT,0.04525222864391335
5214 JT & 8630 JT,0.026316053619853227
5214 JT & 8766 JT,0.03292456572221685
5214 JT & 8801 JT,0.03989529144837152
5214 JT & 9020 JT,0.04540500490250882
5214 JT & 9022 JT,0.018388025052948044
5214 JT & 9064 JT,0.007743633405009633
5214 JT & 9412 JT,0.034899474215124605
5214 JT & 9432 JT,0.019260444219311296
5214 JT & 9433 JT,0.032373873381753855
5214 JT & 9437 JT,0.014561027907560377
5214 JT & 9531 JT,0.02099900488742364
5214 JT & 9532 JT,0.0174126832189682
5214 JT & 9602 JT,0.03272308502651321
5214 JT & 9735 JT,0.013277874011089992
5232 JT & 5332 JT,0.042615161896692996
5232 JT & 6988 JT,0.04795174583813811
5232 JT & 9984 JT,0.033218889228018564
5233 JT & 5714 JT,0.03865379680990829
5233 JT & 8729 JT,0.002668845366433287
5301 JT & 6753 JT,0.0450831111530512
5301 JT & 7211 JT,0.008124161875245933
5332 JT & 8729 JT,0.021267062984951474
5332 JT & 9984 JT,0.0328539148357405
5333 JT & 6954 JT,0.008354037369556335
5333 JT & 8031 JT,0.02088255406134875
5333 JT & 9432 JT,0.01669622048911507
5401 JT & 5413 JT,0.003897877294647521
5401 JT & 5541 JT,0.04745548605779448
5401 JT & 8729 JT,0.010562947061750188
5401 JT & 9984 JT,0.03624295701778376
5411 JT & 5541 JT,0.00664142098871822
5411 JT & 5711 JT,0.02066172611368707
5411 JT & 6762 JT,0.04604370066768154
5411 JT & 6971 JT,0.011265820428346616
5411 JT & 7203 JT,0.04240844410675262
5411 JT & 7735 JT,0.0019408388391740168
5411 JT & 8270 JT,0.037178315008272296
5411 JT & 9009 JT,0.04672338770515012
5411 JT & 9502 JT,0.012051370883406538
5411 JT & 9503 JT,0.028174717587901306
5413 JT & 7911 JT,0.03681204139866237
5413 JT & 8729 JT,0.04919404938847592
5541 JT & 6472 JT,0.04914941958849485
5541 JT & 7012 JT,0.03915760110436864
5541 JT & 9101 JT,0.047003676358005654
5631 JT & 5713 JT,0.004173887781168966
5631 JT & 6479 JT,0.03920560214388524
5631 JT & 6701 JT,0.011889189616006005
5631 JT & 6702 JT,0.01687665109072845
5631 JT & 6952 JT,0.03945422832600768
5631 JT & 7269 JT,0.015875876817159202
5631 JT & 8031 JT,0.003138115582214688
5631 JT & 8035 JT,0.029651213482901225
5631 JT & 8058 JT,0.03964861452093224
5703 JT & 6113 JT,0.009338682052422081
5703 JT & 6471 JT,0.02025122908852845
5703 JT & 6503 JT,0.04014250227564583
5703 JT & 6954 JT,0.015118829275081786
5703 JT & 7731 JT,0.022887166931119984
5703 JT & 7733 JT,0.03551138745277312
5703 JT & 8058 JT,0.034864142241998596
5703 JT & 9412 JT,0.04611999119813605
5703 JT & 9432 JT,0.029463334964327296
5703 JT & 9437 JT,0.01591121250833216
5703 JT & 9735 JT,0.0034508845608165915
5706 JT & 7731 JT,0.04868431091328454
5713 JT & 6479 JT,0.012527359903946796
5713 JT & 6952 JT,0.04108843619265851
5713 JT & 8035 JT,0.018101187567822984
5714 JT & 5715 JT,0.0016496615884538217
5714 JT & 6472 JT,0.048352820525729756
5714 JT & 6954 JT,0.045134408401734126
5714 JT & 8729 JT,0.010370813976265806
5714 JT & 9984 JT,0.0414172275756064
5715 JT & 8729 JT,0.0070536380229912505
5802 JT & 9984 JT,0.005370564314516327
5803 JT & 6504 JT,0.008992971634666063
5901 JT & 9104 JT,0.012175481480757233
6103 JT & 8815 JT,0.01281266635104482
6113 JT & 6367 JT,0.04920555320434051
6113 JT & 6471 JT,0.04483491399747627
6113 JT & 6954 JT,0.023422196129670222
6113 JT & 9437 JT,0.015457631879471368
6113 JT & 9735 JT,0.008823289623315987
6301 JT & 6366 JT,0.013026247144834453
6302 JT & 6762 JT,0.001167527107635534
6302 JT & 6770 JT,0.022295643628228234
6302 JT & 6988 JT,0.030278031409524588
6302 JT & 9202 JT,0.035059161317295286
6302 JT & 9412 JT,0.01930287137581239
6305 JT & 6366 JT,0.032180106633191916
6305 JT & 7735 JT,0.0011996750055239447
6305 JT & 7751 JT,0.041566644840474294
6305 JT & 9009 JT,0.040362600950613066
6326 JT & 6767 JT,0.03827891482494921
6326 JT & 7735 JT,0.015767585079519104
6326 JT & 8306 JT,0.022175230481203227
6326 JT & 8750 JT,0.0429057940359194
6326 JT & 8766 JT,0.04612852376823468
6326 JT & 9983 JT,0.0047875308480756
6361 JT & 6988 JT,0.024435018701384943
6366 JT & 9007 JT,0.049795340494933074
6367 JT & 6954 JT,0.0002720559893435962
6471 JT & 6503 JT,0.0008798529355084403
6471 JT & 6954 JT,0.004530897747727394
6471 JT & 8001 JT,0.049787107136604496
6471 JT & 9437 JT,0.03289673756017797
6472 JT & 9735 JT,0.04542967387289525
6473 JT & 6503 JT,0.03701033637191481
6473 JT & 6752 JT,0.007490339564173449
6473 JT & 6954 JT,0.0007291393939458583
6479 JT & 6952 JT,0.04878417514114149
6479 JT & 6954 JT,0.008549655397136502
6479 JT & 6988 JT,0.003837893099876841
6479 JT & 9437 JT,0.039792445421948534
6501 JT & 6752 JT,0.02523225524806194
6501 JT & 6954 JT,0.0007708708245023503
6501 JT & 8750 JT,0.0400938208734725
6501 JT & 9433 JT,0.03120712406799501
6501 JT & 9613 JT,0.046964655763264675
6502 JT & 6857 JT,0.009746702114088306
6502 JT & 6988 JT,0.049374923027464566
6502 JT & 7202 JT,0.021188568494276735
6502 JT & 7735 JT,0.020502353005591847
6502 JT & 7751 JT,0.015911708413097747
6502 JT & 9001 JT,0.02736294558977409
6502 JT & 9007 JT,0.014005098211449723
6502 JT & 9301 JT,0.007208108039658238
6503 JT & 6752 JT,0.00651159784308739
6503 JT & 6954 JT,0.0002961271788255167
6503 JT & 7261 JT,0.01852127049502444
6503 JT & 7733 JT,0.014551209182567705
6503 JT & 9437 JT,0.023479195146797784
6504 JT & 6954 JT,0.008158322113471428
6504 JT & 7912 JT,0.04435859865706957
6506 JT & 6703 JT,0.012314278264705
6506 JT & 6767 JT,0.047359562069779905
6506 JT & 6902 JT,0.01151268398315968
6506 JT & 7205 JT,0.007155488765889662
6506 JT & 8601 JT,0.0397382965992163
6508 JT & 7731 JT,0.046579824072882456
6674 JT & 7731 JT,0.029831797344084646
6701 JT & 8031 JT,0.029263013209937246
6703 JT & 6767 JT,0.03157025046844504
6703 JT & 6954 JT,0.043021107390410894
6703 JT & 7261 JT,0.04474028639412592
6752 JT & 6954 JT,1.6217842414227647e-05
6752 JT & 7261 JT,0.04864595404095045
6758 JT & 6988 JT,0.03255124707219027
6758 JT & 7203 JT,0.04544407190226411
6758 JT & 7735 JT,0.000173011510973431
6762 JT & 6770 JT,0.04404355789599427
6762 JT & 6954 JT,0.027002565689743976
6762 JT & 6988 JT,0.005576717598909323
6767 JT & 6770 JT,0.014794327943307144
6767 JT & 6988 JT,0.0008956664259636829
6767 JT & 7003 JT,0.0337408150424624
6767 JT & 7011 JT,0.004998449766896452
6767 JT & 7012 JT,6.483305243597476e-05
6767 JT & 7013 JT,0.00021479945289869855
6767 JT & 7203 JT,0.003219033280479825
6767 JT & 7205 JT,0.00039838273581737293
6767 JT & 7261 JT,0.0011955054197958996
6767 JT & 7270 JT,3.383910767163833e-05
6767 JT & 7735 JT,0.03539845279971746
6767 JT & 7911 JT,0.017894340545751317
6767 JT & 7912 JT,0.011522505651192025
6767 JT & 7951 JT,0.004611814058425031
6767 JT & 8035 JT,0.03596684941143865
6767 JT & 8233 JT,0.04892849491066
6767 JT & 8304 JT,0.015810485973710525
6767 JT & 8308 JT,0.01977028017554787
6767 JT & 8331 JT,0.02117040875884797
6767 JT & 8332 JT,0.01061915576600336
6767 JT & 8750 JT,0.0029563094574818222
6767 JT & 8804 JT,0.0191577344629017
6767 JT & 9009 JT,0.023955161015682222
6767 JT & 9020 JT,0.0132385185839492
6767 JT & 9021 JT,0.025134968904736498
6767 JT & 9022 JT,0.0029876587154114573
6767 JT & 9062 JT,0.003667492805359235
6767 JT & 9107 JT,0.01116256946280661
6767 JT & 9202 JT,0.04297800929871285
6767 JT & 9412 JT,0.018568113373379585
6767 JT & 9432 JT,0.034465170131669186
6767 JT & 9433 JT,0.001028556058645595
6767 JT & 9437 JT,0.0029938791281045275
6767 JT & 9531 JT,0.0077331744092690325
6767 JT & 9532 JT,0.015831137226150618
6767 JT & 9602 JT,0.004681400794341787
6767 JT & 9735 JT,0.005987806001920236
6767 JT & 9983 JT,0.0018936180454636176
6767 JT & 9984 JT,0.043934190355773166
6770 JT & 6954 JT,0.006350534481779034
6770 JT & 6988 JT,0.001754513317060681
6770 JT & 7269 JT,0.04951194789786398
6770 JT & 9412 JT,0.04090624315279348
6857 JT & 6988 JT,0.005503860522143686
6902 JT & 6954 JT,0.0025003402258422986
6902 JT & 7261 JT,0.04526231862150434
6902 JT & 7735 JT,0.009762307984434808
6902 JT & 8750 JT,0.010161230315155584
6902 JT & 9064 JT,0.04058226985893918
6902 JT & 9101 JT,0.01861420300228339
6902 JT & 9433 JT,0.038863867349137014
6902 JT & 9613 JT,0.02695852530140469
6902 JT & 9983 JT,0.010936344663538567
6952 JT & 6954 JT,0.026371776643711282
6952 JT & 7269 JT,0.0011235644163228816
6952 JT & 8058 JT,0.017246801178362012
6952 JT & 9412 JT,0.023692505648910612
6952 JT & 9437 JT,0.011578712563113845
6954 JT & 7003 JT,0.029862315993493982
6954 JT & 7012 JT,0.014636596943594813
6954 JT & 7013 JT,0.004741755891054454
6954 JT & 7261 JT,0.004917879410023191
6954 JT & 7269 JT,0.03592068852030631
6954 JT & 7270 JT,0.005393191680360399
6954 JT & 7731 JT,0.046269563172036614
6954 JT & 7733 JT,0.003438255363594354
6954 JT & 7762 JT,0.011553919703627792
6954 JT & 8035 JT,0.004185722834224264
6954 JT & 8058 JT,0.03245517616245964
6954 JT & 8308 JT,0.029209579865435847
6954 JT & 8630 JT,0.03961086820119088
6954 JT & 9022 JT,0.04235870274572537
6954 JT & 9202 JT,0.014207366642321475
6954 JT & 9412 JT,0.0003123405157861312
6954 JT & 9432 JT,0.025356915400424087
6954 JT & 9433 JT,0.0006295732025497015
6954 JT & 9437 JT,0.00034712569152519284
6954 JT & 9602 JT,0.047264964059413286
6954 JT & 9613 JT,0.02925919255922226
6954 JT & 9735 JT,0.00447398173166303
6971 JT & 7203 JT,0.009199906970915012
6971 JT & 7735 JT,0.016812192863592788
6971 JT & 8306 JT,0.030648237090853864
6971 JT & 8725 JT,0.016072797472663818
6971 JT & 9064 JT,0.035435107072514765
6971 JT & 9502 JT,0.03978081188819245
6976 JT & 9502 JT,0.04932051659918115
6976 JT & 9503 JT,0.006903223700017805
6988 JT & 7270 JT,0.0021300609032896094
6988 JT & 7733 JT,0.02978964840036145
6988 JT & 7751 JT,0.021756678196965272
6988 JT & 8035 JT,0.046618036255338606
6988 JT & 8354 JT,0.0261210690970865
6988 JT & 9009 JT,0.006513408415342654
6988 JT & 9021 JT,0.00370722184000716
6988 JT & 9022 JT,0.019714418490501505
6988 JT & 9202 JT,0.010789543711781792
6988 JT & 9433 JT,0.006327104486348344
7003 JT & 7731 JT,0.001234982000136044
7003 JT & 8031 JT,0.0291668559273837
7003 JT & 8270 JT,0.03995195885029987
7004 JT & 8815 JT,0.012891882178781334
7011 JT & 7269 JT,0.020679347485358462
7011 JT & 7270 JT,0.034472152386359284
7011 JT & 7731 JT,0.033482959093742104
7011 JT & 7733 JT,0.03544071304748022
7011 JT & 7735 JT,0.0072956071102384485
7011 JT & 7751 JT,0.020876299058908046
7011 JT & 7762 JT,0.03926113741821916
7011 JT & 7951 JT,0.031757578406049584
7011 JT & 8001 JT,0.0007127248010464608
7011 JT & 8035 JT,0.011114296807732469
7011 JT & 8304 JT,0.015842732156408922
7011 JT & 8306 JT,0.03726728157965467
7011 JT & 8308 JT,0.020756082734991323
7011 JT & 8750 JT,0.03273554116197369
7011 JT & 9064 JT,0.047821797138473954
7011 JT & 9202 JT,0.02812587520394641
7011 JT & 9412 JT,0.022908398542144805
7011 JT & 9433 JT,0.023659461180720678
7011 JT & 9532 JT,0.005932944276146052
7011 JT & 9602 JT,0.01588820749024165
7011 JT & 9735 JT,0.03682237988494757
7011 JT & 9983 JT,0.0061772560089630914
7012 JT & 7735 JT,0.03225859607707337
7012 JT & 8750 JT,0.012267188959170432
7012 JT & 9107 JT,0.028366064600301423
7013 JT & 7270 JT,0.03460568030524932
7013 JT & 7733 JT,0.0031731373856584517
7013 JT & 9433 JT,0.008130203116620776
7013 JT & 9613 JT,0.01770076432069498
7201 JT & 7202 JT,0.003797476689984139
7201 JT & 7735 JT,0.04860994886697359
7201 JT & 8304 JT,0.035101112142908536
7201 JT & 8354 JT,0.04969551812567545
7201 JT & 9009 JT,0.03213551162596856
7201 JT & 9021 JT,0.03988268340774616
7201 JT & 9022 JT,0.03953199569173504
7201 JT & 9531 JT,0.018779328924661574
7201 JT & 9532 JT,0.04522956746412728
7202 JT & 7735 JT,0.021134033924386494
7202 JT & 9531 JT,0.03036799011180042
7202 JT & 9532 JT,0.0368203227334324
7203 JT & 7735 JT,0.0025232950721262967
7203 JT & 8766 JT,0.030136656171475314
7205 JT & 7735 JT,0.006632561360489856
7205 JT & 9983 JT,0.043041517012286465
7261 JT & 7735 JT,0.020660143670984822
7261 JT & 7951 JT,0.025259201113814952
7261 JT & 8630 JT,0.0136172747611474
7261 JT & 8729 JT,0.031435003226687165
7261 JT & 8750 JT,0.007426489816345564
7261 JT & 8795 JT,0.005135175529132037
7261 JT & 9433 JT,0.03207098426947914
7261 JT & 9735 JT,0.016952172224436523
7267 JT & 8253 JT,0.007566548255355389
7267 JT & 8267 JT,0.025185398525935206
7267 JT & 8309 JT,0.018595768978958246
7267 JT & 8316 JT,0.02636978100626716
7267 JT & 8802 JT,0.011479050875610481
7267 JT & 8815 JT,0.013717442840917209
7267 JT & 9104 JT,0.016642322728065893
7267 JT & 9501 JT,0.02906997325787738
7267 JT & 9503 JT,0.029571591839621866
7267 JT & 9681 JT,0.03130449236585054
7269 JT & 8035 JT,0.03277702064604373
7269 JT & 8304 JT,0.043365938412327776
7269 JT & 9412 JT,0.02855867814916265
7269 JT & 9437 JT,0.03308752791101533
7270 JT & 7733 JT,0.022638393832446042
7270 JT & 9433 JT,0.022376670132497323
7731 JT & 7912 JT,0.043912023442246845
7731 JT & 8031 JT,0.015248508480260456
7731 JT & 8058 JT,0.02922353156619696
7731 JT & 9735 JT,0.0442113267333227
7733 JT & 8304 JT,0.010475818517466413
7733 JT & 8766 JT,0.047154048758705144
7733 JT & 8795 JT,0.03745533728613518
7733 JT & 9202 JT,0.03329709735319221
7733 JT & 9412 JT,0.018476001779387585
7733 JT & 9433 JT,0.0030844399479010988
7733 JT & 9613 JT,0.00974856121605283
7735 JT & 8766 JT,0.00525082688644386
7735 JT & 9009 JT,0.045167238912868855
7735 JT & 9021 JT,0.02820931079910367
7735 JT & 9107 JT,0.0018118601870378754
7735 JT & 9983 JT,0.03752653972691921
7751 JT & 8354 JT,0.013260983383893636
7751 JT & 9008 JT,0.030030404811029966
7751 JT & 9021 JT,0.02251791299148865
7752 JT & 7762 JT,0.010958285040246034
7752 JT & 7912 JT,0.048086389608814215
7752 JT & 7951 JT,0.001769374087287544
7752 JT & 8001 JT,0.03847410608073042
7752 JT & 8015 JT,0.02322517613578959
7752 JT & 8031 JT,0.03492388627803601
7752 JT & 8035 JT,0.0006667790887235395
7752 JT & 8233 JT,0.017526353965568314
7752 JT & 8253 JT,0.01186956792583732
7752 JT & 8267 JT,0.03324208048327305
7752 JT & 8270 JT,0.008756794720776671
7752 JT & 8303 JT,0.03877829364815488
7752 JT & 8304 JT,0.0022268483841136723
7752 JT & 8306 JT,0.03723933246910031
7752 JT & 8308 JT,0.003742682844623061
7752 JT & 8331 JT,0.027509315939365387
7752 JT & 8332 JT,0.010152237998694068
7752 JT & 8354 JT,0.01056780426466529
7752 JT & 8630 JT,0.009751716482749842
7752 JT & 8729 JT,0.009725869109974541
7752 JT & 8750 JT,0.010867738955273643
7752 JT & 8795 JT,0.011669230146064755
7752 JT & 8801 JT,0.03399488535195946
7752 JT & 8802 JT,0.029357729530560248
7752 JT & 8804 JT,0.03768822506523907
7752 JT & 9007 JT,0.01598606903317317
7752 JT & 9008 JT,0.04757857818250376
7752 JT & 9009 JT,0.014410476248770315
7752 JT & 9021 JT,0.012571786917382075
7752 JT & 9022 JT,0.004852927363657269
7752 JT & 9064 JT,0.000858751790254607
7752 JT & 9101 JT,0.012003044778278224
7752 JT & 9104 JT,0.04542224783143361
7752 JT & 9107 JT,0.02458589147567192
7752 JT & 9202 JT,0.007370101949609401
7752 JT & 9412 JT,0.00438404511882123
7752 JT & 9432 JT,0.002365538341563967
7752 JT & 9433 JT,0.0015746514802035681
7752 JT & 9437 JT,0.018484195110530472
7752 JT & 9531 JT,0.004267441698456162
7752 JT & 9532 JT,0.0227938352081294
7752 JT & 9602 JT,0.00925036873701584
7752 JT & 9613 JT,0.00038970792424797323
7752 JT & 9681 JT,0.019141711706255317
7752 JT & 9735 JT,0.003628672333479128
7752 JT & 9983 JT,0.0046141296879123415
7752 JT & 9984 JT,0.02850873599833833
7911 JT & 7951 JT,0.04921440571305151
7911 JT & 8002 JT,0.03187600178721768
7911 JT & 8729 JT,0.01118160554582905
7911 JT & 8801 JT,0.0056630435900528455
7911 JT & 8804 JT,0.02811675471307436
7911 JT & 9984 JT,0.009750653796799144
7912 JT & 8002 JT,0.029552184604161345
7912 JT & 8729 JT,0.025196133293954454
7951 JT & 8630 JT,0.011387840610391983
8001 JT & 8031 JT,0.029519053353253447
8001 JT & 8035 JT,0.02779881385542817
8001 JT & 8270 JT,0.020006638712353576
8001 JT & 8304 JT,0.022440497576213955
8001 JT & 8308 JT,0.0029225247395910725
8001 JT & 8750 JT,0.03706891361810789
8001 JT & 8795 JT,0.024587296812775418
8001 JT & 8801 JT,0.023193621451692133
8001 JT & 8804 JT,0.0448795582506591
8001 JT & 9412 JT,0.04965433748402977
8001 JT & 9432 JT,0.003811153218429439
8001 JT & 9433 JT,0.033022120054541186
8001 JT & 9437 JT,0.03674012896504918
8001 JT & 9602 JT,0.03061478970307658
8001 JT & 9735 JT,0.04769673415567326
8001 JT & 9984 JT,0.03573877812302226
8002 JT & 8015 JT,0.03128759406174418
8002 JT & 8031 JT,0.013029674522148415
8002 JT & 8035 JT,0.008258706733106455
8002 JT & 8058 JT,0.02464358981174973
8002 JT & 8233 JT,0.0266297171059803
8002 JT & 8252 JT,0.025862559075166082
8002 JT & 8253 JT,0.011804271332631172
8002 JT & 8267 JT,0.023833230791570275
8002 JT & 8270 JT,0.004235505651593116
8002 JT & 8303 JT,0.017749132470069238
8002 JT & 8304 JT,0.008479940757932295
8002 JT & 8306 JT,0.026876773539545623
8002 JT & 8308 JT,0.007823387008589307
8002 JT & 8309 JT,0.011080354292397152
8002 JT & 8316 JT,0.024696514489675424
8002 JT & 8331 JT,0.012973521826148623
8002 JT & 8332 JT,0.016320500789454136
8002 JT & 8354 JT,0.02324834968362249
8002 JT & 8355 JT,0.0151960332161015
8002 JT & 8411 JT,0.04986439565794696
8002 JT & 8601 JT,0.006138871173543293
8002 JT & 8604 JT,0.03129744319555736
8002 JT & 8628 JT,0.01830884800323941
8002 JT & 8630 JT,0.015440662595532157
8002 JT & 8729 JT,0.0016254069462625855
8002 JT & 8750 JT,0.022610760066895764
8002 JT & 8766 JT,0.04808808726932062
8002 JT & 8795 JT,0.018265628018610147
8002 JT & 8801 JT,0.00032600249350086375
8002 JT & 8802 JT,0.01254428161415025
8002 JT & 8803 JT,0.020419775427141865
8002 JT & 8804 JT,0.0023616861216471936
8002 JT & 8830 JT,0.004861460145564834
8002 JT & 9001 JT,0.02607890178304437
8002 JT & 9005 JT,0.010615083819121787
8002 JT & 9007 JT,0.014917033302431796
8002 JT & 9008 JT,0.020538378124206714
8002 JT & 9009 JT,0.02184839218857091
8002 JT & 9020 JT,0.005326614010324203
8002 JT & 9021 JT,0.01964818730080228
8002 JT & 9022 JT,0.014668511143836835
8002 JT & 9062 JT,0.04826248509581225
8002 JT & 9064 JT,0.009564804222361062
8002 JT & 9101 JT,0.019895196338608378
8002 JT & 9104 JT,0.022925731422840104
8002 JT & 9107 JT,0.04149845785523013
8002 JT & 9202 JT,0.010408559902460892
8002 JT & 9301 JT,0.01995988617820596
8002 JT & 9412 JT,0.007115416206050985
8002 JT & 9432 JT,0.0024105414703377384
8002 JT & 9433 JT,0.005776231791682545
8002 JT & 9437 JT,0.008947193695438085
8002 JT & 9501 JT,0.013732920604778376
8002 JT & 9502 JT,0.025479636890439764
8002 JT & 9503 JT,0.011696098429568778
8002 JT & 9531 JT,0.01890093079936232
8002 JT & 9532 JT,0.013888859799610043
8002 JT & 9602 JT,0.0065410576595729105
8002 JT & 9613 JT,0.013701107876248
8002 JT & 9681 JT,0.01453827110152991
8002 JT & 9735 JT,0.0030929608504697594
8002 JT & 9766 JT,0.005982281347530221
8002 JT & 9983 JT,0.009578826451300523
8002 JT & 9984 JT,0.0014858026052476745
8015 JT & 8031 JT,0.02210857200182448
8015 JT & 8035 JT,0.007640041106151995
8015 JT & 8058 JT,0.017223116935417563
8015 JT & 8233 JT,0.041830946212199106
8015 JT & 8304 JT,0.005569632501886803
8015 JT & 8308 JT,0.006777931498977344
8015 JT & 8331 JT,0.0202842196998438
8015 JT & 8332 JT,0.0315437900387416
8015 JT & 8354 JT,0.02297278112905253
8015 JT & 8766 JT,0.025573217370461004
8015 JT & 8801 JT,0.027424190792466777
8015 JT & 9005 JT,0.012795734760224303
8015 JT & 9009 JT,0.045792573766514605
8015 JT & 9021 JT,0.032252494250626255
8015 JT & 9022 JT,0.00412454405721979
8015 JT & 9064 JT,0.023578492857750617
8015 JT & 9202 JT,0.02793311282947283
8015 JT & 9412 JT,0.01624069906416643
8015 JT & 9432 JT,0.0011764630159496942
8015 JT & 9433 JT,0.012192840912538347
8015 JT & 9437 JT,0.003661132518892279
8015 JT & 9531 JT,0.005013701242407386
8015 JT & 9532 JT,0.016999112300097746
8015 JT & 9602 JT,0.022914519653596057
8015 JT & 9984 JT,0.03636872226182884
8031 JT & 9432 JT,0.019408058198889532
8035 JT & 9202 JT,0.013456049374602931
8035 JT & 9437 JT,0.047914310501953
8053 JT & 8233 JT,0.03552997142270834
8053 JT & 8729 JT,0.03544809144129508
8053 JT & 8801 JT,0.01733673422681487
8053 JT & 8804 JT,0.009180238698816746
8053 JT & 8830 JT,0.024701287850948855
8053 JT & 9007 JT,0.04052372870467348
8053 JT & 9432 JT,0.030966489247182233
8053 JT & 9766 JT,0.0047946221701557
8053 JT & 9984 JT,0.017132046282936183
8058 JT & 9412 JT,0.022268815864129685
8058 JT & 9432 JT,0.02740902734236736
8233 JT & 8309 JT,0.031394731625973345
8233 JT & 8750 JT,0.04562952379507353
8233 JT & 8795 JT,0.040024834572017415
8233 JT & 8803 JT,0.04449861431174815
8233 JT & 9501 JT,0.03561576089674875
8233 JT & 9502 JT,0.02938325672743203
8233 JT & 9503 JT,0.048726890454424895
8233 JT & 9613 JT,0.022153972601001343
8252 JT & 8725 JT,0.04136016267050455
8252 JT & 8815 JT,0.03508463913864352
8253 JT & 8802 JT,0.02704880067490946
8253 JT & 8815 JT,0.00049459721727512
8253 JT & 9681 JT,0.009483660403997616
8267 JT & 8604 JT,0.0376134985694508
8267 JT & 8830 JT,0.022299819856019077
8267 JT & 9104 JT,0.030624216609367778
8267 JT & 9501 JT,0.010607963728625153
8267 JT & 9681 JT,0.015587131927083404
8270 JT & 8303 JT,0.004330372582654627
8270 JT & 8304 JT,0.0004298727025441687
8270 JT & 8306 JT,0.0019192576144905042
8270 JT & 8308 JT,0.0004944179978609499
8270 JT & 8309 JT,0.002586448077995021
8270 JT & 8316 JT,0.0014320994451811327
8270 JT & 8331 JT,0.0012026576742855451
8270 JT & 8332 JT,0.0013379846069055859
8270 JT & 8354 JT,0.0010737999196270378
8270 JT & 8355 JT,0.0029070770464103635
8270 JT & 8411 JT,0.0038323145168274956
8270 JT & 8601 JT,0.0010312779574302693
8270 JT & 8604 JT,0.002531698850921633
8270 JT & 8628 JT,0.0025199343190061138
8270 JT & 8630 JT,0.0011336591790150822
8270 JT & 8725 JT,0.0023192097415943892
8270 JT & 8729 JT,0.0001925407095081754
8270 JT & 8750 JT,0.0006284772317521101
8270 JT & 8766 JT,0.0008772521728891501
8270 JT & 8795 JT,0.0007193689342347697
8270 JT & 8801 JT,0.0015657268024946726
8270 JT & 8802 JT,0.0029903143743553314
8270 JT & 8803 JT,0.0030576625270059246
8270 JT & 8804 JT,0.0015865362840302797
8270 JT & 8815 JT,0.02545588827784255
8270 JT & 8830 JT,0.0026376423465321206
8270 JT & 9001 JT,0.003755072832279237
8270 JT & 9005 JT,0.002478301327835252
8270 JT & 9007 JT,0.002451255736916914
8270 JT & 9008 JT,0.0021895703041401077
8270 JT & 9009 JT,0.0010622993599826596
8270 JT & 9020 JT,0.001300699086675271
8270 JT & 9021 JT,0.0009700752112181518
8270 JT & 9022 JT,0.0008229411406591822
8270 JT & 9062 JT,0.0019409331281646277
8270 JT & 9064 JT,0.000899707746121197
8270 JT & 9101 JT,0.0006636424965754857
8270 JT & 9104 JT,0.0019069860194328835
8270 JT & 9107 JT,0.0010212205185000053
8270 JT & 9202 JT,0.0006190433829192453
8270 JT & 9301 JT,0.0036724553933095007
8270 JT & 9412 JT,0.00028074355146751306
8270 JT & 9432 JT,0.0002735634926553214
8270 JT & 9433 JT,0.00045167819407951923
8270 JT & 9437 JT,0.0005829762397646993
8270 JT & 9501 JT,0.001812529711588605
8270 JT & 9502 JT,0.0013839229774769517
8270 JT & 9503 JT,0.001444303985002108
8270 JT & 9531 JT,0.0011135979715768737
8270 JT & 9532 JT,0.0011934471459957195
8270 JT & 9602 JT,0.0006339636725382864
8270 JT & 9613 JT,0.0005899074502337612
8270 JT & 9681 JT,0.002468422230919163
8270 JT & 9735 JT,0.0004408792824777783
8270 JT & 9766 JT,0.001305555243776369
8270 JT & 9983 JT,0.0009165528514346502
8270 JT & 9984 JT,0.0003493723884820163
8303 JT & 8802 JT,0.022577307094485733
8303 JT & 9202 JT,0.04731949272262336
8306 JT & 8355 JT,0.045635840971543405
8306 JT & 8725 JT,0.03364780768255153
8306 JT & 8795 JT,0.03443745635271109
8306 JT & 9020 JT,0.01564228084627452
8306 JT & 9501 JT,0.021442479616196726
8306 JT & 9502 JT,0.015457241386234895
8306 JT & 9532 JT,0.012955573753114846
8306 JT & 9983 JT,0.00780522503074774
8308 JT & 9437 JT,0.014573629859606342
8308 JT & 9602 JT,0.03856379848080775
8309 JT & 8316 JT,0.02191544428588807
8309 JT & 8411 JT,0.0015358658354462755
8309 JT & 8604 JT,0.017821738000969155
8309 JT & 8729 JT,0.03996261951163525
8309 JT & 8802 JT,0.012836147254099614
8309 JT & 8804 JT,0.001730999278994161
8309 JT & 8815 JT,0.0302278034137039
8309 JT & 8830 JT,0.0007349813153993278
8309 JT & 9104 JT,0.004665379893856985
8309 JT & 9501 JT,0.015176171012176136
8309 JT & 9502 JT,0.025182026966262594
8309 JT & 9503 JT,0.0313654747240393
8309 JT & 9681 JT,0.023319018918494555
8309 JT & 9766 JT,0.014452493073785495
8316 JT & 8729 JT,0.04875851521427201
8316 JT & 9007 JT,0.045890140476191665
8316 JT & 9008 JT,0.03862488485138383
8316 JT & 9104 JT,0.0013520630334312286
8316 JT & 9502 JT,0.04493157050346914
8316 JT & 9503 JT,0.028778447843715686
8316 JT & 9766 JT,0.038838052448935984
8331 JT & 9020 JT,0.03325016811470664
8331 JT & 9021 JT,0.04712016584529406
8331 JT & 9532 JT,0.011174011225937126
8332 JT & 9531 JT,0.049963428717882126
8332 JT & 9532 JT,0.014024569369812955
8332 JT & 9602 JT,0.02861063302696694
8354 JT & 9021 JT,0.0014634270740709401
8355 JT & 9502 JT,0.016783599795573742
8411 JT & 8601 JT,0.006584671964745677
8411 JT & 8604 JT,0.0020414491667876777
8411 JT & 8628 JT,0.001783791639674628
8411 JT & 8630 JT,0.010661378802551191
8411 JT & 8725 JT,0.013719316031119373
8411 JT & 8729 JT,0.000978151766612473
8411 JT & 8750 JT,0.005296478406339915
8411 JT & 8766 JT,0.0200070432400738
8411 JT & 8795 JT,0.004941171874142743
8411 JT & 8801 JT,0.0011130028495076767
8411 JT & 8802 JT,0.0007505302941174338
8411 JT & 8803 JT,0.008806470210760803
8411 JT & 8804 JT,7.748340259560571e-05
8411 JT & 8830 JT,4.0220494644129096e-06
8411 JT & 9001 JT,0.006864953541905156
8411 JT & 9005 JT,0.01744947127823875
8411 JT & 9007 JT,0.00265284971806675
8411 JT & 9008 JT,0.0032032633661176397
8411 JT & 9009 JT,0.0031564980067414765
8411 JT & 9020 JT,0.020739855967298586
8411 JT & 9021 JT,0.005031967134064204
8411 JT & 9022 JT,0.006919354339601256
8411 JT & 9062 JT,0.010752393811508706
8411 JT & 9064 JT,0.0024545191936939255
8411 JT & 9101 JT,0.0020277856993482727
8411 JT & 9104 JT,0.0005922947918664592
8411 JT & 9107 JT,0.01918252236913592
8411 JT & 9202 JT,0.003074781393384632
8411 JT & 9301 JT,0.003772981223632029
8411 JT & 9412 JT,0.003388768490482934
8411 JT & 9432 JT,0.0033712405683218793
8411 JT & 9433 JT,0.003200170308860657
8411 JT & 9437 JT,0.007218084716436143
8411 JT & 9501 JT,0.0006272807177847483
8411 JT & 9502 JT,0.000744942551929531
8411 JT & 9503 JT,0.00030318370521092975
8411 JT & 9531 JT,0.006443048690435248
8411 JT & 9532 JT,0.00803246775678478
8411 JT & 9602 JT,0.005357596030924097
8411 JT & 9613 JT,0.0043450980710079195
8411 JT & 9681 JT,0.000768069639313395
8411 JT & 9735 JT,0.005350355613521593
8411 JT & 9766 JT,0.0006105801527489579
8411 JT & 9983 JT,0.003652048106161098
8411 JT & 9984 JT,0.0009643893243210816
8601 JT & 8804 JT,0.02154556890525351
8604 JT & 8802 JT,0.033839583455940465
8604 JT & 9501 JT,0.013805946619677196
8604 JT & 9503 JT,0.03275175971515857
8604 JT & 9681 JT,0.024598535734790504
8628 JT & 8729 JT,0.036086592720495095
8628 JT & 8750 JT,0.04529289717171025
8628 JT & 9613 JT,0.04809231115376389
8630 JT & 9064 JT,0.0446949608511344
8630 JT & 9101 JT,0.021936644227957824
8630 JT & 9433 JT,0.007684067626733943
8725 JT & 9502 JT,0.013953849228585998
8729 JT & 9984 JT,0.015736756580045405
8750 JT & 9107 JT,0.04780106409797337
8750 JT & 9202 JT,0.03651787028454157
8750 JT & 9412 JT,0.03348130602566319
8750 JT & 9433 JT,0.0009454279441333842
8750 JT & 9437 JT,0.035219662037240404
8750 JT & 9613 JT,0.024795165343127822
8750 JT & 9983 JT,0.02390545748384
8766 JT & 9022 JT,0.009937023569521676
8766 JT & 9107 JT,0.034531352391812375
8766 JT & 9202 JT,0.02060804769983985
8766 JT & 9983 JT,0.030449721626152258
8795 JT & 9064 JT,0.016299204683387494
8795 JT & 9412 JT,0.03886846375224197
8795 JT & 9432 JT,0.027749804211480968
8795 JT & 9433 JT,0.014178626592522265
8795 JT & 9437 JT,0.04812662459985716
8795 JT & 9602 JT,0.03052590867860304
8795 JT & 9613 JT,0.03335266907858794
8795 JT & 9735 JT,0.026419127188407884
8801 JT & 8804 JT,0.030367120606078796
8801 JT & 9766 JT,0.03455322870749119
8801 JT & 9984 JT,0.0331666573190501
8802 JT & 9681 JT,0.013791276211367847
8804 JT & 9766 JT,0.03784060047367754
8830 JT & 9104 JT,0.02108828201349608
8830 JT & 9766 JT,0.040527477467896804
9001 JT & 9021 JT,0.04762612891296417
9001 JT & 9104 JT,0.04988963494036066
9001 JT & 9202 JT,0.04125598876253492
9001 JT & 9531 JT,0.034391174387637106
9005 JT & 9532 JT,0.018340688454624447
9020 JT & 9022 JT,0.0455896528609273
9020 JT & 9202 JT,0.02644168367412327
9020 JT & 9433 JT,0.04519150616414099
9020 JT & 9502 JT,0.03231348172675022
9020 JT & 9532 JT,0.011163580356996767
9020 JT & 9983 JT,0.03509004900826429
9022 JT & 9202 JT,0.01785931467279882
9064 JT & 9613 JT,0.042728057501649847
9104 JT & 9501 JT,0.040200955106017205
9104 JT & 9503 JT,0.03541990053079475
9104 JT & 9766 JT,0.029825997821772907
9202 JT & 9412 JT,0.011745124885560919
9412 JT & 9437 JT,0.013409185965323719
9433 JT & 9613 JT,0.025748741192902505
9501 JT & 9503 JT,0.008770029919436166
9502 JT & 9503 JT,0.026460163164862584
9532 JT & 9602 JT,0.014441068508813232
9532 JT & 9983 JT,0.02728695308459404
